ID;Area Category;Nama Daerah;Luas Tanah (m2);Luas Bangunan (m2);Jumlah Kamar;Jumlah Km Mandi;Tingkat/Lantai;Harga rata2 Komunitas;Harga Dipasarkan (dari Owner);Harga Terjual;Terjual/Belum;Status Kepemilikan;Arah Hadap Rumah;Posisi Rumah;Lebar Jalan Depan Rumah (ROW);Pemilik Butuh Uang (Urgent);Umur Bangunan;Siap Huni (Y/N);Furnish  (Y/N);Listed Berapa Lama;Pasar;Sekolah;"Faskes/
Rumah Sakit";Mall;Tempat Ibadah;Makam;Club House;Transportasi Umum;Jalan Raya Utama
;Premium;Northwest Lake;72.00;69.00;2;2;2.00;1400000000;1350000000;0;Belum;Hak Guna Bangunan (HGB);Selatan;Standard;1-2 Mobil;No;1 - 4 Tahun;Yes;No;2020;Yes;Yes;Yes;No;Yes;No;Yes;No;Yes
;Standard;Bukit Palma;60.00;90.00;3;2;2.00;1000000000;1125000000;0;Belum;Pengikatan Perjanjian Jual Beli (PPJB);Selatan;Standard;1-2 Mobil;No;1 - 4 Tahun;Yes;No;2020;Yes;Yes;Yes;No;Yes;No;No;No;Yes
;Standard;Palma Classica;210.00;100.00;4;2;1.00;2400000000;1999000000;0;Belum;Hak Milik (SHM);Utara;Standard;> 2 Mobil;Yes;5 - 10 Tahun;Yes;No;2020;Yes;Yes;Yes;No;Yes;No;No;No;Yes
;Standard;Bukit Palma;120.00;54.00;3;1;1.00;800000000;850000000;0;Belum;Hak Milik (SHM);Selatan;Standard;> 2 Mobil;No;> 10 Tahun;No;No;2020;Yes;Yes;Yes;No;Yes;Yes;No;No;Yes
;Standard;Bukit Palma;60.00;90.00;3;2;2.00;800000000;1175000000;1025000000;Terjual;Hak Guna Bangunan (HGB);Selatan;Standard;> 2 Mobil;No;1 - 4 Tahun;Yes;No;2020;Yes;Yes;Yes;No;Yes;Yes;No;No;Yes
;Standard;Bukit Palma;233.00;177.00;5;3;2.00;2000000000;3700000000;0;Belum;Hak Guna Bangunan (HGB);Selatan;Tikungan/Hook;1-2 Mobil;No;5 - 10 Tahun;Yes;No;2020;Yes;Yes;Yes;No;Yes;Yes;No;No;Yes
;Standard;bukit Palma;84.00;120.00;3;2;2.00;1000000000;1300000000;1200000000;Terjual;Pengikatan Perjanjian Jual Beli (PPJB);Timur;Standard;> 2 Mobil;Yes;1 - 4 Tahun;Yes;No;2020;Yes;Yes;Yes;No;Yes;Yes;No;No;Yes
;Standard;bukit Palma;120.00;100.00;2;1;1.00;1150000000;1300000000;0;Belum;Hak Guna Bangunan (HGB);Timur;Standard;> 2 Mobil;No;5 - 10 Tahun;Yes;No;2020;Yes;Yes;Yes;No;Yes;Yes;No;No;Yes
;Standard;bukit Palma;120.00;70.00;3;1;1.00;1150000000;1350000000;0;Belum;Hak Milik (SHM);Timur;Standard;1-2 Mobil;No;5 - 10 Tahun;Yes;Yes;2020;Yes;Yes;Yes;No;Yes;Yes;No;No;Yes
;Standard;bukit Palma;122.50;94.00;3;2;1.00;1200000000;1250000000;0;Belum;Hak Milik (SHM);Utara;Standard;1-2 Mobil;No;5 - 10 Tahun;No;No;2020;Yes;Yes;Yes;No;Yes;Yes;No;No;Yes
;Premium;citraland;180.00;220.00;4;3;2.00;3500000000;3600000000;0;Belum;Hak Guna Bangunan (HGB);Utara;Standard;> 2 Mobil;Yes;5 - 10 Tahun;Yes;Yes;2021;Yes;Yes;No;No;No;No;No;No;Yes
;Premium;citraland;210.00;170.00;3;2;1.00;2500000000;2300000000;1900000000;Terjual;Pengikatan Perjanjian Jual Beli (PPJB);Utara;Standard;> 2 Mobil;Yes;> 10 Tahun;No;No;2020;No;Yes;No;No;Yes;No;No;No;Yes
;Standard;greenlake;136.00;138.00;4;4;2.00;2000000000;2600000000;0;Belum;Hak Guna Bangunan (HGB);Selatan;Standard;> 2 Mobil;No;5 - 10 Tahun;Yes;Yes;2020;No;No;No;No;No;No;No;No;No
;Standard;greenlake;200.00;258.00;4;3;2.00;2500000000;3750000000;0;Belum;Hak Milik (SHM);Utara;Standard;> 2 Mobil;No;5 - 10 Tahun;No;Yes;2020;No;No;No;No;No;No;No;No;No
;Premium;wisata bukit mas;120.00;124.00;4;4;2.00;2000000000;2500000000;0;Belum;Hak Guna Bangunan (HGB);Utara;Standard;> 2 Mobil;No;5 - 10 Tahun;Yes;No;2021;No;Yes;No;No;No;No;Yes;No;Yes
;Standard;Pondok Benowo;135.00;240.00;4;4;2.00;1500000000;2100000000;0;Belum;Hak Milik (SHM);Utara;Standard;1-2 Mobil;No;5 - 10 Tahun;Yes;Yes;2021;Yes;Yes;Yes;No;Yes;No;No;Yes;Yes
;Premium;Darmo;372.00;400.00;5;4;2.00;10000000000;15500000000;0;Belum;Hak Milik (SHM);Utara;Tikungan/Hook;> 2 Mobil;No;5 - 10 Tahun;Yes;No;2021;Yes;No;No;No;No;No;No;Yes;Yes
;Premium;Sutorejo;166.00;210.00;5;4;2.00;3000000000;3400000000;0;Belum;Hak Milik (SHM);Utara;Standard;> 2 Mobil;No;1 - 4 Tahun;Yes;No;2021;Yes;Yes;No;No;No;No;No;No;Yes
;Premium;Northwest Lake;90.00;85.00;3;3;2.00;1850000000;1800000000;0;Belum;Hak Guna Bangunan (HGB);Timur;Standard;> 2 Mobil;No;1 - 4 Tahun;Yes;No;2020;Yes;Yes;Yes;No;Yes;Yes;Yes;No;Yes
;Premium;Northwest Lake;50.00;45.00;1;2;2.00;900000000;950000000;0;Belum;Hak Guna Bangunan (HGB);Utara;Standard;> 2 Mobil;No;1 - 4 Tahun;Yes;No;2020;Yes;Yes;Yes;No;Yes;Yes;Yes;No;Yes
;Premium;Northwest Lake;50.00;45.00;1;2;2.00;900000000;983300000;869930000;Terjual;Hak Guna Bangunan (HGB);Utara;Standard;> 2 Mobil;No;1 - 4 Tahun;Yes;Yes;2020;Yes;Yes;Yes;No;Yes;Yes;Yes;No;Yes
;Premium;Northwest Lake;105.00;96.00;3;3;2.00;1600000000;1900000000;0;Belum;Pengikatan Perjanjian Jual Beli (PPJB);Utara;Standard;> 2 Mobil;No;1 - 4 Tahun;Yes;No;2020;Yes;Yes;Yes;No;Yes;Yes;Yes;No;Yes
;Premium;Northwest Lake;55.00;45.00;1;2;2.00;1000000000;1022700000;905430000;Terjual;Hak Guna Bangunan (HGB);Utara;Standard;> 2 Mobil;No;1 - 4 Tahun;Yes;Yes;2020;Yes;Yes;Yes;No;Yes;Yes;Yes;No;Yes
;Premium;Northwest Lake;55.00;45.00;1;2;2.00;1000000000;900000000;0;Belum;Pengikatan Perjanjian Jual Beli (PPJB);Timur;Standard;> 2 Mobil;No;1 - 4 Tahun;Yes;No;2020;Yes;Yes;Yes;No;Yes;Yes;Yes;No;Yes
;Premium;Northwest Lake;50.00;53.00;2;2;2.00;1000000000;1020500000;903450000;Terjual;Hak Guna Bangunan (HGB);Selatan;Standard;> 2 Mobil;No;1 - 4 Tahun;Yes;Yes;2020;Yes;Yes;Yes;No;Yes;Yes;Yes;No;Yes
;Premium;northwest Lake;72.00;69.00;2;2;2.00;1200000000;1400000000;0;Belum;Pengikatan Perjanjian Jual Beli (PPJB);Selatan;Standard;> 2 Mobil;No;1 - 4 Tahun;Yes;No;2020;Yes;Yes;Yes;No;Yes;Yes;Yes;No;Yes
;Standard;northwest park;72.00;46.00;2;1;1.00;1000000000;1085200000;961680000;Terjual;Hak Guna Bangunan (HGB);Timur;Standard;> 2 Mobil;No;1 - 4 Tahun;Yes;Yes;2020;Yes;Yes;Yes;No;No;Yes;Yes;No;Yes
;Standard;northwest park;72.00;46.00;2;1;1.00;1000000000;900000000;0;Belum;Hak Guna Bangunan (HGB);Utara;Standard;> 2 Mobil;No;1 - 4 Tahun;Yes;No;2020;Yes;Yes;Yes;No;No;Yes;Yes;No;Yes
;Standard;northwest park;72.00;46.00;2;1;1.00;1000000000;1025200000;907680000;Terjual;Hak Guna Bangunan (HGB);Utara;Standard;> 2 Mobil;No;1 - 4 Tahun;Yes;Yes;2020;Yes;Yes;Yes;No;No;Yes;Yes;No;Yes
;Standard;northwest park;72.00;46.00;2;1;1.00;1000000000;1000000000;0;Belum;Hak Guna Bangunan (HGB);Selatan;Standard;> 2 Mobil;No;1 - 4 Tahun;Yes;No;2020;Yes;Yes;Yes;No;No;Yes;Yes;No;Yes
;Standard;northwest park;90.00;70.00;2;2;2.00;1400000000;1600000000;0;Belum;Hak Guna Bangunan (HGB);Selatan;Standard;> 2 Mobil;No;1 - 4 Tahun;Yes;No;2020;Yes;Yes;Yes;No;No;Yes;No;No;Yes
;Standard;northwest park;72.00;46.00;2;1;1.00;800000000;825000000;0;Belum;Hak Guna Bangunan (HGB);Selatan;Standard;> 2 Mobil;No;1 - 4 Tahun;Yes;No;2020;Yes;Yes;Yes;No;No;Yes;No;No;Yes
;Premium;royal park;210.00;280.00;4;4;2.00;3250000000;4000000000;3150000000;Terjual;Hak Guna Bangunan (HGB);Timur;Standard;> 2 Mobil;Yes;1 - 4 Tahun;Yes;No;2020;No;Yes;Yes;No;No;No;No;No;Yes
;Premium;royal park;210.00;84.00;4;2;2.00;3000000000;3500000000;0;Belum;Pengikatan Perjanjian Jual Beli (PPJB);Selatan;Standard;> 2 Mobil;No;5 - 10 Tahun;Yes;No;2020;No;Yes;Yes;No;No;No;No;No;Yes
;Sangat Premium;selat golf;450.00;650.00;6;5;2.00;12000000000;13900000000;0;Belum;Hak Milik (SHM);Utara;Cul De Sac/Ujung Gang Buntu;> 2 Mobil;No;1 - 4 Tahun;Yes;No;2021;No;Yes;No;No;No;No;Yes;No;Yes
;Standard;taman puspa raya;90.00;135.00;4;4;2.00;1800000000;2000000000;0;Belum;Hak Guna Bangunan (HGB);Selatan;Standard;> 2 Mobil;No;5 - 10 Tahun;Yes;No;2020;Yes;Yes;No;No;No;No;No;No;Yes
;Standard;darmo permai;200.00;350.00;5;2;2.00;3500000000;4400000000;0;Belum;Hak Milik (SHM);Timur;Standard;> 2 Mobil;No;5 - 10 Tahun;Yes;No;2021;Yes;No;No;No;Yes;No;No;Yes;Yes
;Standard;darmo permai;200.00;135.00;4;2;1.00;3000000000;3200000000;0;Belum;Hak Milik (SHM);Timur;Standard;> 2 Mobil;No;> 10 Tahun;No;No;2021;Yes;No;No;No;Yes;No;No;Yes;Yes
;Premium;graha;766.00;540.00;6;5;2.00;14000000000;16000000000;0;Belum;Hak Guna Bangunan (HGB);Utara;Tikungan/Hook;> 2 Mobil;No;> 10 Tahun;Yes;No;2020;No;No;Yes;Yes;No;No;Yes;No;Yes
;Standard;grand sunrise;90.00;48.00;2;1;1.00;900000000;800000000;0;Belum;Hak Milik (SHM);Selatan;Standard;> 2 Mobil;No;5 - 10 Tahun;Yes;No;2021;No;No;No;No;No;No;No;No;Yes
;Premium;kupang indah;300.00;250.00;5;3;1.00;3300000000;3500000000;3000000000;Terjual;Hak Milik (SHM);Utara;Standard;> 2 Mobil;Yes;> 10 Tahun;Yes;No;2020;Yes;Yes;Yes;No;Yes;No;No;Yes;Yes
;Standard;bayleaf;60.00;40.00;2;1;1.00;400000000;500000000;0;Belum;Pengikatan Perjanjian Jual Beli (PPJB);Selatan;Standard;1-2 Mobil;No;1 - 4 Tahun;Yes;No;2021;Yes;No;Yes;No;Yes;Yes;No;Yes;Yes
;Standard;padmosusastro;150.00;122.00;3;2;1.00;2800000000;3500000000;0;Belum;Hak Milik (SHM);Barat;Standard;> 2 Mobil;No;> 10 Tahun;No;No;2020;Yes;Yes;Yes;Yes;No;No;No;Yes;Yes
;Premium;pakuwon indah;265.00;236.00;5;4;2.00;6000000000;6500000000;0;Belum;Hak Guna Bangunan (HGB);Utara;Standard;> 2 Mobil;No;5 - 10 Tahun;Yes;Yes;2021;No;Yes;No;Yes;No;No;Yes;No;Yes
;Standard;pandugo;113.00;100.00;3;2;2.00;1250000000;1500000000;1250000000;Terjual;Hak Milik (SHM);Timur;Standard;> 2 Mobil;No;1 - 4 Tahun;Yes;No;2021;No;No;No;No;Yes;No;No;Yes;Yes
;Standard;ploso;72.00;140.00;3;3;2.00;1000000000;1300000000;0;Belum;Hak Milik (SHM);Utara;Standard;1-2 Mobil;No;1 - 4 Tahun;Yes;No;2020;No;Yes;No;No;Yes;No;No;Yes;Yes
;Standard;prapen;165.00;330.00;4;3;2.00;2500000000;2750000000;0;Belum;Hak Milik (SHM);Selatan;Standard;> 2 Mobil;No;1 - 4 Tahun;Yes;No;2021;No;No;Yes;No;Yes;No;No;No;Yes
;Standard;puri surya jaya;217.00;100.00;5;2;2.00;1300000000;1400000000;0;Belum;Hak Milik (SHM);Selatan;Standard;> 2 Mobil;No;5 - 10 Tahun;Yes;No;2021;No;Yes;No;No;Yes;No;Yes;No;No
;Standard;puri surya jaya;105.00;70.00;2;1;1.00;700000000;899000000;0;Belum;Hak Milik (SHM);Barat;Standard;> 2 Mobil;No;5 - 10 Tahun;Yes;No;2020;No;Yes;No;No;Yes;No;Yes;No;No
;Standard;Tenggilis;91.00;150.00;5;4;2.00;1500000000;1650000000;0;Belum;Hak Milik (SHM);Selatan;Tikungan/Hook;> 2 Mobil;No;1 - 4 Tahun;Yes;No;2020;Yes;Yes;Yes;Yes;No;No;No;No;Yes
;Standard;Tenggilis;80.00;125.00;4;4;2.00;1300000000;1550000000;0;Belum;Hak Milik (SHM);Barat;Standard;> 2 Mobil;No;1 - 4 Tahun;Yes;No;2020;Yes;Yes;Yes;Yes;No;No;No;No;Yes
;Standard;royal residence;445.00;500.00;6;5;2.00;6500000000;8000000000;0;Belum;Hak Milik (SHM);Selatan;Tikungan/Hook;> 2 Mobil;No;5 - 10 Tahun;Yes;No;2020;No;Yes;No;No;Yes;No;No;No;Yes
;Standard;taman pondok indah;140.00;200.00;4;3;2.00;2500000000;2700000000;0;Belum;Hak Milik (SHM);Utara;Standard;> 2 Mobil;No;1 - 4 Tahun;Yes;No;2020;Yes;Yes;No;No;Yes;No;No;No;Yes
;Standard;Palma Classica;105.00;60.00;2;1;1.00;1200000000;1200000000;0;Belum;Hak Guna Bangunan (HGB);Timur;Standard;> 2 Mobil;No;5 - 10 Tahun;Yes;No;2021;Yes;Yes;Yes;No;Yes;No;No;No;Yes
;Standard;Northwest Park;72.00;54.00;2;1;1.00;1000000000;1100000000;0;Belum;Hak Guna Bangunan (HGB);Utara;Standard;> 2 Mobil;No;5 - 10 Tahun;Yes;No;2021;Yes;Yes;Yes;No;No;No;No;No;Yes
;Standard;Northwest Park;105.00;90.00;3;2;2.00;1300000000;1600000000;0;Belum;Hak Guna Bangunan (HGB);Selatan;Standard;> 2 Mobil;No;1 - 4 Tahun;Yes;No;2021;Yes;Yes;Yes;No;No;No;No;No;Yes
;Standard;Pelican Hill;200.00;198.00;5;4;2.00;3000000000;3100000000;0;Belum;Hak Guna Bangunan (HGB);Selatan;Standard;> 2 Mobil;No;1 - 4 Tahun;Yes;No;2021;Yes;Yes;Yes;No;No;No;No;No;Yes
;Premium;Puri Widya;150.00;170.00;4;4;2.00;2500000000;2300000000;2000000000;Terjual;Hak Milik (SHM);Utara;Standard;> 2 Mobil;Yes;5 - 10 Tahun;Yes;No;2021;No;Yes;Yes;No;No;No;No;No;No
;Standard;De Casa;100.00;100.00;4;3;2.00;1000000000;1500000000;0;Belum;Hak Guna Bangunan (HGB);Selatan;Standard;> 2 Mobil;No;1 - 4 Tahun;Yes;Yes;2021;Yes;No;No;No;Yes;No;No;Yes;Yes
;Premium;Grand Pakuwon;72.00;84.00;3;2;2.00;1500000000;1800000000;1400000000;Terjual;Hak Milik (SHM);Selatan;Standard;> 2 Mobil;Yes;1 - 4 Tahun;Yes;Yes;2021;No;Yes;No;No;No;No;No;No;No
;Standard;Grand Harvest;60.00;77.00;2;2;2.00;1100000000;1200000000;0;Belum;Hak Guna Bangunan (HGB);Selatan;Standard;> 2 Mobil;No;1 - 4 Tahun;Yes;No;2021;No;No;No;No;No;No;No;No;No
;Standard;Grand Harvest;69.00;77.00;2;2;2.00;1100000000;1200000000;0;Belum;Hak Guna Bangunan (HGB);Selatan;Standard;> 2 Mobil;No;1 - 4 Tahun;Yes;No;2021;No;No;No;No;No;No;No;No;No
;Standard;Grand Harvest;102.00;93.00;4;3;2.00;1500000000;1450000000;1250000000;Terjual;Hak Guna Bangunan (HGB);Utara;Standard;> 2 Mobil;Yes;1 - 4 Tahun;Yes;No;2021;No;No;No;No;No;No;No;No;No
;Standard;Puri Safira;105.00;80.00;3;1;1.00;700000000;775000000;700000000;Terjual;Hak Guna Bangunan (HGB);Selatan;Standard;> 2 Mobil;No;5 - 10 Tahun;Yes;No;2021;No;Yes;No;No;Yes;No;No;Yes;Yes
;Standard;Lidah Kulon;148.50;148.50;3;3;2.00;1500000000;1750000000;1500000000;Terjual;Hak Milik (SHM);Utara;Standard;> 2 Mobil;No;5 - 10 Tahun;Yes;No;2021;No;Yes;No;No;Yes;No;No;Yes;Yes
;Standard;Simpang;187.00;240.00;4;4;2.00;2750000000;3100000000;0;Belum;Hak Milik (SHM);Timur;Tikungan/Hook;> 2 Mobil;No;5 - 10 Tahun;Yes;Yes;2021;Yes;Yes;Yes;Yes;No;No;No;Yes;Yes
;Standard;TWR;105.00;90.00;3;2;2.00;1000000000;1200000000;0;Belum;Hak Milik (SHM);Utara;Standard;1-2 Mobil;No;1 - 4 Tahun;Yes;No;2021;No;No;No;No;Yes;No;No;No;No
;Premium;VBM;264.00;350.00;7;4;2.00;4000000000;4300000000;0;Belum;Hak Guna Bangunan (HGB);Selatan;Standard;> 2 Mobil;No;5 - 10 Tahun;Yes;Yes;2021;No;No;No;Yes;No;No;No;Yes;Yes
;Premium;Prambanan;128.00;125.00;4;4;2.00;3750000000;4950000000;0;Belum;Hak Guna Bangunan (HGB);Utara;Standard;> 2 Mobil;No;1 - 4 Tahun;Yes;Yes;2021;No;Yes;No;No;No;No;No;No;Yes
;Standard;TPI;119.00;149.00;3;1;1.00;1750000000;1700000000;1600000000;Terjual;Hak Milik (SHM);Utara;Standard;> 2 Mobil;Yes;1 - 4 Tahun;Yes;No;2021;Yes;No;No;No;Yes;No;No;No;Yes
;Premium;WBM;240.00;330.00;5;4;2.00;3500000000;3700000000;0;Belum;Hak Milik (SHM);Utara;Standard;> 2 Mobil;No;1 - 4 Tahun;Yes;No;2021;No;Yes;No;Yes;Yes;No;No;No;Yes
;Standard;Babatan;175.00;115.00;4;4;2.00;1800000000;1750000000;1500000000;Terjual;Hak Milik (SHM);Selatan;Standard;1-2 Mobil;Yes;1 - 4 Tahun;Yes;No;2021;Yes;Yes;No;No;Yes;No;No;No;Yes
;Standard;Babatan;162.00;120.00;4;3;1.00;2000000000;2000000000;0;Belum;Hak Guna Bangunan (HGB);Selatan;Standard;> 2 Mobil;No;5 - 10 Tahun;Yes;No;2021;No;Yes;No;No;No;No;No;No;Yes
;Standard;Palma Classica;200.00;280.00;5;5;2.00;3000000000;3250000000;0;Terjual;Pengikatan Perjanjian Jual Beli (PPJB);Selatan;Standard;> 2 Mobil;No;5 - 10 Tahun;Yes;Yes;2021;Yes;Yes;Yes;No;Yes;Yes;No;No;Yes
;Standard;Greenlake;105.00;140.00;4;3;2.00;1500000000;1950000000;0;Belum;Hak Guna Bangunan (HGB);Utara;Standard;> 2 Mobil;No;5 - 10 Tahun;Yes;Yes;2021;No;No;No;No;No;No;No;No;No
;Premium;northwest lake;72.00;60.00;1;2;2.00;1200000000;1275000000;0;Belum;Hak Guna Bangunan (HGB);Selatan;Standard;> 2 Mobil;No;1 - 4 Tahun;Yes;Yes;2021;Yes;Yes;Yes;No;No;Yes;Yes;No;Yes
;Standard;northwest park;120.00;100.00;3;2;2.00;1800000000;2000000000;0;Belum;Hak Milik (SHM);Utara;Standard;> 2 Mobil;No;1 - 4 Tahun;Yes;Yes;2021;Yes;Yes;Yes;No;No;No;No;No;Yes
;Standard;Pelican Hill;135.00;145.00;4;2;2.00;2300000000;2450000000;0;Belum;Hak Milik (SHM);Utara;Standard;> 2 Mobil;No;1 - 4 Tahun;Yes;No;2021;No;Yes;Yes;No;Yes;No;No;No;Yes
;Standard;Pelican Hill;135.00;140.00;4;3;2.00;2300000000;2300000000;2100000000;Terjual;Hak Guna Bangunan (HGB);Selatan;Standard;> 2 Mobil;Yes;1 - 4 Tahun;Yes;Yes;2021;No;No;Yes;No;No;No;No;No;Yes
;Premium;Puri Widya;450.00;650.00;7;6;2.00;8000000000;8500000000;0;Belum;Hak Guna Bangunan (HGB);Selatan;Cul De Sac/Ujung Gang Buntu;> 2 Mobil;No;5 - 10 Tahun;Yes;Yes;2021;No;Yes;No;No;Yes;No;No;No;Yes
;Standard;Darmo;240.00;180.00;3;2;1.00;4000000000;4200000000;0;Belum;Hak Milik (SHM);Timur;Standard;> 2 Mobil;No;5 - 10 Tahun;Yes;No;2021;Yes;Yes;No;No;No;No;No;Yes;Yes
;Standard;Darmo;200.00;280.00;5;4;2.00;3000000000;3500000000;0;Belum;Hak Milik (SHM);Timur;Standard;> 2 Mobil;No;5 - 10 Tahun;Yes;No;2021;Yes;No;No;No;No;No;No;Yes;Yes
;Standard;Dukuh Kupang;140.00;280.00;5;3;2.00;1200000000;1400000000;0;Belum;Surat Hijau;Barat;Standard;1-2 Mobil;No;5 - 10 Tahun;Yes;No;2021;Yes;Yes;No;No;No;No;No;Yes;Yes
;Sangat Premium;Graha;345.00;550.00;6;5;2.00;15000000000;16000000000;0;Belum;Hak Milik (SHM);Utara;Standard;> 2 Mobil;No;1 - 4 Tahun;Yes;Yes;2021;No;No;Yes;No;No;No;No;No;Yes
;Sangat Premium;Graha;328.00;375.00;5;5;2.00;10000000000;10000000000;0;Belum;Hak Milik (SHM);Utara;Standard;> 2 Mobil;No;5 - 10 Tahun;Yes;No;2021;No;No;Yes;No;No;No;No;No;Yes
;Premium;kupang indah;360.00;360.00;6;5;2.00;6000000000;6500000000;0;Belum;Hak Milik (SHM);Barat;Standard;> 2 Mobil;No;> 10 Tahun;Yes;Yes;2021;No;Yes;No;No;No;No;No;No;Yes
;Standard;pakal;88.00;70.00;2;1;1.00;500000000;750000000;0;Belum;Hak Guna Bangunan (HGB);Barat;Standard;1-2 Mobil;No;1 - 4 Tahun;Yes;Yes;2021;No;No;No;No;Yes;No;No;No;Yes
;Premium;pakuwon city;170.00;161.00;4;4;2.00;3500000000;4000000000;0;Belum;Hak Milik (SHM);Utara;Standard;> 2 Mobil;No;1 - 4 Tahun;Yes;Yes;2021;No;Yes;No;No;No;No;No;No;Yes
;Premium;pakuwon indah;162.00;150.00;4;4;2.00;4000000000;4000000000;0;Belum;Hak Guna Bangunan (HGB);Timur;Standard;> 2 Mobil;No;5 - 10 Tahun;Yes;Yes;2021;No;No;No;Yes;No;No;No;No;Yes
;Premium;pakuwon indah;200.00;215.00;4;5;3.00;4500000000;5750000000;0;Belum;Pengikatan Perjanjian Jual Beli (PPJB);Utara;Standard;> 2 Mobil;No;5 - 10 Tahun;Yes;No;2021;No;No;No;Yes;No;No;No;No;Yes
;Standard;villa valensia;160.00;160.00;4;3;1.00;3000000000;2800000000;0;Belum;Hak Milik (SHM);Barat;Standard;> 2 Mobil;No;5 - 10 Tahun;Yes;No;2021;No;No;No;Yes;Yes;No;No;Yes;Yes
;Standard;wisma lidah;120.00;200.00;4;4;2.00;1500000000;2000000000;0;Belum;Hak Milik (SHM);Timur;Standard;1-2 Mobil;No;5 - 10 Tahun;Yes;Yes;2021;Yes;No;No;No;Yes;No;No;No;Yes
;Premium;dian istana;164.00;140.00;4;4;2.00;4000000000;3500000000;0;Belum;Hak Milik (SHM);Utara;Standard;> 2 Mobil;No;5 - 10 Tahun;Yes;Yes;2021;No;No;No;No;No;No;Yes;No;No
;Standard;forest;136.00;160.00;5;3;2.00;2800000000;2900000000;0;Belum;Hak Milik (SHM);Selatan;Standard;> 2 Mobil;No;1 - 4 Tahun;Yes;Yes;2021;No;No;No;No;No;No;No;No;Yes
;Standard;Graha Sampurna;135.00;200.00;5;4;2.00;2500000000;3000000000;0;Belum;Hak Milik (SHM);Selatan;Standard;> 2 Mobil;No;5 - 10 Tahun;Yes;Yes;2021;No;No;Yes;No;No;No;No;No;Yes
;Standard;pinus asri;150.00;140.00;4;2;1.00;1000000000;1450000000;0;Belum;Hak Milik (SHM);Selatan;Standard;1-2 Mobil;No;5 - 10 Tahun;Yes;No;2021;Yes;No;No;No;Yes;No;No;No;No
;Standard;pondok maritim;135.00;120.00;3;2;1.50;1250000000;1500000000;0;Belum;Hak Milik (SHM);Utara;Standard;< 1 Mobil;No;5 - 10 Tahun;Yes;Yes;2021;Yes;Yes;No;No;Yes;No;No;No;No
;Standard;Alam Galaxy;72.00;48.00;1;2;2.00;1300000000;1400000000;0;Belum;Hak Guna Bangunan (HGB);Utara;Standard;> 2 Mobil;No;5 - 10 Tahun;Yes;Yes;2021;No;Yes;No;No;No;No;No;No;Yes
;Standard;Royal;50.00;65.00;2;1;2.00;1400000000;1300000000;0;Belum;Hak Guna Bangunan (HGB);Utara;Standard;> 2 Mobil;No;1 - 4 Tahun;Yes;No;2021;No;Yes;No;No;Yes;No;Yes;No;Yes
;Premium;wisata bukit mas;160.00;320.00;7;4;2.00;4300000000;3800000000;0;Belum;Pengikatan Perjanjian Jual Beli (PPJB);Selatan;Standard;> 2 Mobil;No;5 - 10 Tahun;Yes;No;2021;No;Yes;No;No;No;No;No;No;Yes
;Premium;wisata bukit mas;180.00;240.00;5;3;2.00;4000000000;4000000000;0;Belum;Hak Guna Bangunan (HGB);Timur;Standard;> 2 Mobil;No;5 - 10 Tahun;Yes;No;2021;No;Yes;No;No;No;No;No;No;Yes
;Premium;wisata bukit mas;66.00;198.00;4;4;3.00;1900000000;1600000000;0;Belum;Pengikatan Perjanjian Jual Beli (PPJB);Utara;Standard;1-2 Mobil;No;1 - 4 Tahun;Yes;No;2021;No;Yes;No;No;No;No;No;No;Yes
;Premium;wisata bukit mas;66.00;198.00;5;5;3.00;1900000000;1600000000;0;Belum;Pengikatan Perjanjian Jual Beli (PPJB);Utara;Standard;1-2 Mobil;No;1 - 4 Tahun;Yes;No;2021;No;Yes;No;No;No;No;No;No;Yes
;Premium;wisata bukit mas;66.00;198.00;6;6;3.00;1900000000;1600000000;0;Belum;Pengikatan Perjanjian Jual Beli (PPJB);Utara;Standard;1-2 Mobil;No;1 - 4 Tahun;Yes;No;2021;No;Yes;No;No;No;No;No;No;Yes
;Premium;wisata bukit mas;218.00;280.00;4;3;2.00;3600000000;3500000000;0;Belum;Hak Milik (SHM);Utara;Standard;> 2 Mobil;No;5 - 10 Tahun;Yes;Yes;2021;No;Yes;No;No;No;No;No;No;Yes
;Premium;graha natura;96.00;74.00;4;3;2.00;2200000000;2200000000;0;Belum;Hak Guna Bangunan (HGB);Timur;Standard;> 2 Mobil;No;1 - 4 Tahun;Yes;No;2021;No;Yes;No;No;No;No;No;No;Yes
;Premium;grand pakuwon;72.00;70.00;2;2;2.00;1300000000;1325000000;0;Belum;Hak Milik (SHM);Selatan;Standard;> 2 Mobil;No;1 - 4 Tahun;Yes;No;2021;No;Yes;No;Yes;No;No;No;No;Yes
;Premium;grand pakuwon;48.00;57.00;2;2;2.00;1250000000;1250000000;0;Belum;Pengikatan Perjanjian Jual Beli (PPJB);Barat;Standard;> 2 Mobil;No;1 - 4 Tahun;Yes;No;2021;No;Yes;No;Yes;No;No;No;No;Yes
;Premium;kupang indah;345.00;540.00;6;5;2.00;5800000000;5800000000;0;Belum;Hak Milik (SHM);Barat;Standard;> 2 Mobil;No;5 - 10 Tahun;Yes;No;2021;No;Yes;Yes;No;No;No;No;No;Yes
;Premium;kupang indah;315.00;315.00;3;2;1.00;4000000000;3600000000;0;Belum;Hak Milik (SHM);Selatan;Standard;> 2 Mobil;No;> 10 Tahun;No;No;2021;No;Yes;Yes;No;No;No;No;No;Yes
;Standard;manyar;240.00;330.00;5;4;2.00;5100000000;5300000000;0;Belum;Hak Milik (SHM);Utara;Standard;> 2 Mobil;No;1 - 4 Tahun;Yes;No;2021;No;Yes;No;No;No;No;No;No;Yes
;Premium;pakuwon;144.00;170.00;4;4;2.00;4000000000;4300000000;0;Belum;Hak Milik (SHM);Selatan;Standard;> 2 Mobil;No;1 - 4 Tahun;Yes;Yes;2021;No;Yes;No;Yes;No;No;Yes;No;Yes
;Sangat Premium;pakuwon;360.00;500.00;6;6;2.00;8000000000;10000000000;0;Belum;Hak Guna Bangunan (HGB);Selatan;Standard;> 2 Mobil;No;5 - 10 Tahun;Yes;Yes;2021;No;Yes;No;Yes;No;No;No;No;No
;Sangat Premium;bukit golf;1554.00;1500.00;7;6;2.00;38500000000;38500000000;0;Belum;Hak Milik (SHM);Timur;Standard;> 2 Mobil;No;5 - 10 Tahun;Yes;Yes;2021;No;Yes;No;No;Yes;No;No;No;Yes
;Standard;bukit palma;105.00;170.00;5;2;2.00;1395000000;1900000000;0;Belum;Hak Milik (SHM);Utara;Standard;1-2 Mobil;No;1 - 4 Tahun;Yes;No;2021;Yes;Yes;Yes;No;Yes;No;No;No;Yes
;Standard;bukit palma;158.00;180.00;5;4;2.00;2400000000;2000000000;0;Belum;Pengikatan Perjanjian Jual Beli (PPJB);Selatan;Standard;1-2 Mobil;No;1 - 4 Tahun;Yes;No;2021;Yes;Yes;Yes;No;Yes;No;No;No;Yes
;Standard;bukit palma;115.00;104.00;4;3;2.00;1850000000;1850000000;0;Belum;Hak Guna Bangunan (HGB);Selatan;Standard;1-2 Mobil;No;5 - 10 Tahun;Yes;No;2021;Yes;Yes;Yes;No;Yes;Yes;No;No;Yes
;Standard;greenhill;97.70;50.00;2;1;1.00;1250000000;1250000000;0;Belum;Pengikatan Perjanjian Jual Beli (PPJB);Barat;Standard;> 2 Mobil;No;1 - 4 Tahun;Yes;No;2021;No;Yes;Yes;No;No;Yes;Yes;No;Yes
;Standard;greenhill;105.00;69.00;3;2;2.00;1836000000;1850000000;0;Belum;Hak Milik (SHM);Selatan;Standard;> 2 Mobil;No;1 - 4 Tahun;Yes;No;2021;No;Yes;Yes;No;No;Yes;Yes;No;Yes
;Premium;northwest central;105.00;104.00;3;2;2.00;1900000000;1900000000;0;Belum;Pengikatan Perjanjian Jual Beli (PPJB);Selatan;Standard;> 2 Mobil;No;1 - 4 Tahun;Yes;No;2021;No;No;No;No;No;No;Yes;No;No
;Premium;northwest hill;60.00;48.00;1;2;2.00;1250000000;1200000000;0;Belum;Hak Guna Bangunan (HGB);Utara;Standard;> 2 Mobil;No;1 - 4 Tahun;Yes;No;2021;No;No;No;No;No;No;Yes;No;No
;Premium;woodland;180.00;130.00;4;3;1.00;2400000000;2600000000;0;Belum;Hak Milik (SHM);Selatan;Standard;> 2 Mobil;No;1 - 4 Tahun;Yes;Yes;2021;Yes;No;No;No;No;No;No;No;Yes
;Standard;darmo permai;286.00;262.00;5;2;1.00;4100000000;4100000000;0;Belum;Hak Milik (SHM);Utara;Standard;> 2 Mobil;No;5 - 10 Tahun;Yes;No;2021;Yes;No;No;No;No;No;No;Yes;Yes
;Standard;lebak jaya;84.00;120.00;4;3;2.00;1300000000;1300000000;0;Belum;Hak Milik (SHM);Timur;Standard;1-2 Mobil;Yes;1 - 4 Tahun;Yes;No;1 bulan;No;;;;;;;No;No
;Standard;raya tambaksari;83.00;140.00;6;1;2.00;2000000000;1700000000;0;Belum;Hak Milik (SHM);Barat;Kantong Belakang/Ngantong;1-2 Mobil;Yes;> 10 Tahun;No;No;6 bln;;;;;;;;;Yes
;Premium;raya simpang darmo permai selatan;225.00;270.00;6;3;1.50;3950000000;3950000000;0;Belum;Hak Milik (SHM);Timur;Standard;> 2 Mobil;Yes;5 - 10 Tahun;Yes;No;1 thn;;;Yes;;;;;;Yes
;Sangat Premium;pakuwon city virginia regency;345.00;300.00;5;4;3.00;7200000000;6900000000;0;Belum;Hak Milik (SHM);Utara;Standard;> 2 Mobil;Yes;1 - 4 Tahun;Yes;Yes;8 bln;;;;Yes;;;;;
;Sangat Premium;kertajaya indah regency;395.00;710.00;5;5;2.50;12000000000;11500000000;0;Belum;Hak Milik (SHM);Selatan;Tikungan/Hook;> 2 Mobil;Yes;5 - 10 Tahun;Yes;Yes;1 thn;;;;;;;Yes;;
;Sangat Premium;puri galaxy;360.00;380.00;6;4;2.00;9250000000;9250000000;0;Belum;Hak Milik (SHM);Timur;Standard;> 2 Mobil;Yes;> 10 Tahun;Yes;No;1 thn;;;;;;;Yes;;
;Standard;graha natura acasia;108.00;107.00;3;3;2.00;2200000000;2200000000;0;Belum;Pengikatan Perjanjian Jual Beli (PPJB);Selatan;Standard;1-2 Mobil;Yes;1 - 4 Tahun;Yes;No;3 bln;;;;;;;;;
;Standard;pondok chandra belimbing tengah;135.00;250.00;9;5;2.00;1500000000;1500000000;0;Belum;Hak Milik (SHM);Utara;Tikungan/Hook;1-2 Mobil;Yes;5 - 10 Tahun;Yes;No;3 bln;;;;;;;;;
;Standard;north west park nd citraland;135.00;100.00;5;4;2.00;2500000000;2500000000;0;Belum;Pengikatan Perjanjian Jual Beli (PPJB);Timur;Standard;> 2 Mobil;Yes;1 - 4 Tahun;Yes;No;4 bln;;;;;;;;;
;Standard;darmo harapan indah tt;180.00;150.00;4;3;2.00;1800000000;1950000000;0;Belum;Hak Milik (SHM);Selatan;Standard;1-2 Mobil;Yes;5 - 10 Tahun;Yes;No;3 bln;;;;;;;;;
;Sangat Premium;raya kupang baru;1818.00;360.00;9;8;2.00;40000000000;40000000000;0;Belum;Hak Milik (SHM);Timur;Standard;> 2 Mobil;Yes;> 10 Tahun;Yes;Yes;2 bln;;;;;;;;;Yes
;Premium;puri widya kencana k citraland utama;240.00;450.00;5;5;2.00;4500000000;4500000000;0;Belum;Hak Milik (SHM);Barat;Standard;> 2 Mobil;Yes;5 - 10 Tahun;Yes;No;6 bln;;;;;;;;;
;Premium;panjang jiwo permai selatan;368.00;200.00;4;4;2.00;4500000000;4200000000;0;Belum;Hak Milik (SHM);Selatan;Standard;> 2 Mobil;Yes;5 - 10 Tahun;Yes;No;1 thn;;;;;;;;;
;Premium;margorejo indah;375.00;450.00;5;4;2.00;6000000000;6000000000;0;Belum;Hak Milik (SHM);Barat;Standard;> 2 Mobil;Yes;5 - 10 Tahun;Yes;No;5 bln;;;;;;;;;
;Standard;rungkut asri utara;180.00;130.00;4;2;2.00;2500000000;2500000000;0;Belum;Hak Milik (SHM);Barat;Standard;> 2 Mobil;Yes;5 - 10 Tahun;Yes;No;7 bln;;;;;;;;;Yes
;Standard;perum one gate medokan baru;135.00;117.00;3;2;2.00;1600000000;1600000000;0;Belum;Hak Milik (SHM);Timur;Standard;1-2 Mobil;Yes;5 - 10 Tahun;Yes;No;4 bln;Yes;;Yes;Yes;;;;;
;Standard;perum tenggilis mejoyo;84.00;106.00;2;5;2.00;1575000000;1575000000;0;Belum;Hak Milik (SHM);Timur;Standard;1-2 Mobil;Yes;1 - 4 Tahun;Yes;No;4 bln;Yes;Yes;;Yes;;;;;
;Premium;royal residence;240.00;288.00;5;5;2.00;4750000000;4750000000;0;Belum;Hak Milik (SHM);Barat;Standard;> 2 Mobil;Yes;5 - 10 Tahun;Yes;Yes;1 bln;;;;;;;;;
;Standard;royal park 2 citraland;135.00;100.00;4;3;2.00;2750000000;2750000000;0;Belum;Hak Guna Bangunan (HGB);Timur;Standard;> 2 Mobil;Yes;5 - 10 Tahun;Yes;Yes;2 bln;;;;;;;;;
;Premium;nginden intan timur blok e;234.00;234.00;6;3;2.00;3500000000;3500000000;0;Belum;Hak Milik (SHM);Barat;Standard;> 2 Mobil;Yes;5 - 10 Tahun;Yes;No;3 thn;Yes;Yes;;;Yes;;;;
;Standard;wisata bukit mas 2 cluster notredame;66.00;135.00;4;4;3.00;1650000000;1650000000;0;Belum;Pengikatan Perjanjian Jual Beli (PPJB);Utara;Standard;1-2 Mobil;Yes;5 - 10 Tahun;Yes;No;2 thn;;Yes;Yes;Yes;;;;;
;Premium;villa westwood pakuwon city;450.00;630.00;5;6;3.00;10500000000;10500000000;0;Belum;Hak Milik (SHM);Timur;Standard;> 2 Mobil;Yes;5 - 10 Tahun;Yes;Yes;3 bln;Yes;Yes;Yes;Yes;;;Yes;;
;Standard;ploso timur;157.00;100.00;3;2;2.00;1250000000;1250000000;0;Belum;Hak Milik (SHM);Utara;Standard;1-2 Mobil;Yes;5 - 10 Tahun;Yes;No;1 thn;Yes;;;;;;;;
;Standard;aries;184.00;160.00;4;2;2.00;1700000000;1700000000;0;Belum;Hak Milik (SHM);Barat;Standard;1-2 Mobil;Yes;> 10 Tahun;Yes;No;3 bln;;;;;;;;;
;Standard;tenggilis mejoyo;200.00;200.00;7;4;2.00;3200000000;2500000000;0;Belum;Hak Milik (SHM);Timur;Standard;> 2 Mobil;Yes;5 - 10 Tahun;Yes;Yes;1 thn;Yes;Yes;;;;;;;Yes
;Standard;wisata bukit mas;104.00;180.00;4;4;3.00;2500000000;2500000000;0;Belum;Hak Milik (SHM);Timur;Standard;> 2 Mobil;Yes;5 - 10 Tahun;Yes;No;2 bln;;Yes;;;;No;Yes;;
;Standard;karang asem;128.00;150.00;6;4;1.50;1750000000;1750000000;0;Belum;Hak Milik (SHM);Barat;Standard;1-2 Mobil;Yes;> 10 Tahun;Yes;No;3 bln;Yes;;;;;;;;
;Sangat Premium;raya dharma husada indah;680.00;1000.00;6;5;2.00;35000000000;35000000000;0;Belum;Hak Milik (SHM);Barat;Standard;> 2 Mobil;Yes;5 - 10 Tahun;Yes;Yes;2 bln;Yes;Yes;;Yes;Yes;;;;Yes
;Premium;halimun;210.00;200.00;14;4;1.50;3000000000;3000000000;0;Belum;Hak Milik (SHM);Timur;Standard;1-2 Mobil;Yes;> 10 Tahun;Yes;No;2 bln;Yes;;;Yes;;;;;
;Premium;raya dukuh kupang;60.00;120.00;3;3;2.00;4250000000;4250000000;0;Belum;Hak Milik (SHM);Barat;Standard;> 2 Mobil;Yes;> 10 Tahun;Yes;No;3 bln;No;;;Yes;;;;;Yes
;Standard;kutisari indah;80.00;106.00;3;2;2.00;1500000000;1500000000;0;Belum;Hak Milik (SHM);Barat;Standard;> 2 Mobil;Yes;1 - 4 Tahun;Yes;No;1 bln;;Yes;;;;;;;
;Sangat Premium;graha family blok w;900.00;1100.00;5;6;2.00;58000000000;58000000000;0;Belum;Hak Milik (SHM);Timur;Standard;> 2 Mobil;Yes;1 - 4 Tahun;Yes;Yes;2 bln;;Yes;;Yes;;;Yes;;
;Standard;taman mutiara pakuwon city 2;112.00;200.00;5;4;2.00;3350000000;3350000000;0;Belum;Hak Milik (SHM);Utara;Standard;> 2 Mobil;Yes;1 - 4 Tahun;Yes;Yes;2 bln;Yes;Yes;;Yes;;;;;
;Standard;citraland utara greenhill;97.00;50.00;2;1;1.00;1149000000;1149000000;0;Belum;Pengikatan Perjanjian Jual Beli (PPJB);Timur;Standard;1-2 Mobil;Yes;1 - 4 Tahun;Yes;No;2 bln;;;;;;;;;
;Standard;dukuh kupang timur;180.00;153.00;4;1;1.50;1600000000;1600000000;0;Belum;Hak Milik (SHM);Barat;Standard;> 2 Mobil;Yes;5 - 10 Tahun;Yes;No;5 bln;;;;;;;;;
;Premium;darmo permai selatan;630.00;700.00;5;5;2.00;5500000000;5500000000;0;Belum;Hak Milik (SHM);Barat;Standard;> 2 Mobil;Yes;5 - 10 Tahun;Yes;Yes;2 bln;;;;;;;;;
;Standard;citraland pelican hill;120.00;125.00;4;2;2.00;2000000000;1800000000;0;Belum;Pengikatan Perjanjian Jual Beli (PPJB);Timur;Standard;1-2 Mobil;Yes;1 - 4 Tahun;Yes;No;2 bln;;;;;;;;;
;Standard;jemursari regency;122.00;167.00;4;4;2.00;2300000000;2300000000;0;Belum;Hak Milik (SHM);Selatan;Standard;> 2 Mobil;Yes;1 - 4 Tahun;Yes;No;2 bln;;;;;;;;;
;Standard;mulyosari utara;134.00;200.00;6;4;2.00;1800000000;1600000000;0;Belum;Hak Milik (SHM);Timur;Tikungan/Hook;> 2 Mobil;Yes;5 - 10 Tahun;Yes;No;3 bln;;;;;;;;;
;Standard;sutorejo utara;153.00;240.00;5;5;2.00;2950000000;2950000000;0;Belum;Hak Milik (SHM);Timur;Standard;> 2 Mobil;Yes;5 - 10 Tahun;Yes;No;3 bln;;;;;;;;;
;Standard;purimas;210.00;180.00;4;3;2.00;2800000000;2800000000;0;Belum;Hak Milik (SHM);Utara;Standard;> 2 Mobil;Yes;5 - 10 Tahun;Yes;No;2 bln;Yes;;;;Yes;;;;
;Standard;tenggilis permai;180.00;130.00;4;2;2.00;1600000000;1600000000;0;Belum;Hak Milik (SHM);Barat;Tikungan/Hook;1-2 Mobil;Yes;5 - 10 Tahun;Yes;No;4 bln;;;;;;;;;
;Premium;central park mulyosari;400.00;300.00;8;7;2.00;6500000000;6500000000;0;Belum;Hak Milik (SHM);Timur;Standard;> 2 Mobil;Yes;5 - 10 Tahun;Yes;No;3 bln;Yes;Yes;Yes;Yes;Yes;;;;
;Premium;citraland stamford palace;162.00;245.00;5;4;2.00;3000000000;2900000000;0;Belum;Pengikatan Perjanjian Jual Beli (PPJB);Timur;Standard;> 2 Mobil;Yes;1 - 4 Tahun;Yes;Yes;1 bln;;;;;;;;;
;Premium;greenlake;240.00;280.00;5;4;2.00;5500000000;5000000000;0;Belum;Hak Milik (SHM);Barat;Standard;> 2 Mobil;Yes;1 - 4 Tahun;Yes;Yes;1 bln;;;;;;;;;
;Premium;woodland;234.00;270.00;5;5;2.00;4350000000;4500000000;0;Belum;Hak Milik (SHM);Utara;Standard;> 2 Mobil;Yes;5 - 10 Tahun;Yes;No;2 bln;;;;;;;;;
;Premium;royal residence;240.00;288.00;5;5;2.00;4750000000;4750000000;0;Belum;Hak Milik (SHM);Selatan;Standard;> 2 Mobil;Yes;5 - 10 Tahun;Yes;Yes;2 bln;Yes;Yes;Yes;;;;;;
;Standard;koala regency;96.00;137.00;4;4;2.00;1700000000;1700000000;0;Belum;Hak Milik (SHM);Timur;Standard;> 2 Mobil;Yes;1 - 4 Tahun;Yes;Yes;3 bln;;;;;;;;;
;Premium;citraland utama;210.00;118.00;4;3;1.00;3100000000;3100000000;0;Belum;Hak Milik (SHM);Barat;Standard;> 2 Mobil;Yes;1 - 4 Tahun;Yes;No;2 bln;;;;;;;;;
;Standard;raffles garden citraland;180.00;100.00;3;2;1.00;2150000000;2150000000;0;Belum;Hak Milik (SHM);Utara;Standard;1-2 Mobil;Yes;> 10 Tahun;No;No;6 bln;;;;;;;;;
;Premium;villa valensia pakuwon;144.00;150.00;4;3;2.00;3000000000;3000000000;0;Belum;Hak Milik (SHM);Utara;Standard;> 2 Mobil;Yes;5 - 10 Tahun;Yes;No;5 bln;Yes;Yes;Yes;Yes;;;;;
;Sangat Premium;raya siwalankerto;1200.00;2000.00;36;36;3.00;15000000000;13000000000;0;Belum;Hak Milik (SHM);Barat;Standard;> 2 Mobil;Yes;5 - 10 Tahun;Yes;Yes;7 bln;Yes;Yes;Yes;Yes;Yes;No;;;Yes
;Premium;pantai mentari hampton;187.00;250.00;5;5;2.00;3300000000;3100000000;0;Belum;Hak Milik (SHM);Selatan;Standard;> 2 Mobil;Yes;1 - 4 Tahun;Yes;Yes;3 bln;;;;;;;;;
;Standard;wonorungkut;75.00;120.00;3;3;2.00;1400000000;1400000000;0;Belum;Hak Milik (SHM);Barat;Standard;1-2 Mobil;Yes;1 - 4 Tahun;Yes;No;1 bln;;;;;;;;;
;Premium;fullerton cluster depan;210.00;350.00;5;6;2.00;5250000000;5250000000;0;Belum;Pengikatan Perjanjian Jual Beli (PPJB);Barat;Standard;> 2 Mobil;Yes;1 - 4 Tahun;Yes;No;1 bln;;;;;;;;;
;Sangat Premium;boulevard wisata bukit mas;420.00;700.00;5;6;2.00;9500000000;9500000000;0;Belum;Hak Milik (SHM);Utara;Standard;> 2 Mobil;Yes;5 - 10 Tahun;Yes;Yes;5 bln;;;;;;;;;
;Sangat Premium;fullerton citraland;360.00;450.00;5;6;2.00;8500000000;8500000000;0;Belum;Hak Milik (SHM);Timur;Tikungan/Hook;> 2 Mobil;Yes;1 - 4 Tahun;Yes;No;4 bln;;;;;;;;;
;Premium;golf avenue citraland;248.00;300.00;5;5;2.00;4750000000;5000000000;0;Belum;Hak Milik (SHM);Timur;Tikungan/Hook;> 2 Mobil;Yes;1 - 4 Tahun;Yes;No;2 bln;;;;;;;;;
;Premium;citraland;200.00;280.00;4;4;2.00;3850000000;3850000000;0;Belum;Hak Milik (SHM);Barat;Standard;> 2 Mobil;Yes;5 - 10 Tahun;Yes;Yes;5 bln;Yes;Yes;Yes;No;;;;;No
;Standard;klampis semolo timur;135.00;185.00;5;4;2.00;2600000000;2600000000;0;Belum;Hak Milik (SHM);Barat;Standard;> 2 Mobil;Yes;5 - 10 Tahun;Yes;No;1 bln;;;;;;;;;
;Sangat Premium;galaxy bumi permai araya 2;310.00;425.00;5;4;2.00;9000000000;8500000000;0;Belum;Hak Milik (SHM);Timur;Tikungan/Hook;> 2 Mobil;Yes;5 - 10 Tahun;Yes;No;4 bln;Yes;Yes;;;;;;;
;Standard;medokan asri;84.00;70.00;3;2;2.00;990000000;990000000;0;Belum;Hak Milik (SHM);Timur;Standard;> 2 Mobil;Yes;1 - 4 Tahun;Yes;No;1 bln;;;;;;;;;
;Premium;araya 1;201.00;225.00;6;5;2.00;4900000000;4900000000;0;Belum;Hak Milik (SHM);Timur;Standard;> 2 Mobil;Yes;5 - 10 Tahun;Yes;No;1 bln;;;;;;;;;
;Standard;simpang darmo permai selatan;90.00;100.00;3;2;1.50;1000000000;1000000000;0;Belum;Hak Milik (SHM);Utara;Standard;1-2 Mobil;Yes;5 - 10 Tahun;Yes;No;4 bln;;;;;;;;;
;Below Standard;pondok benowo;72.00;50.00;2;1;1.00;575000000;575000000;0;Belum;Hak Milik (SHM);Barat;Standard;1-2 Mobil;Yes;1 - 4 Tahun;Yes;No;1 bln;;;;;;;;;
;Below Standard;golden berry menganti;72.00;93.00;2;1;1.50;450000000;450000000;0;Belum;Hak Milik (SHM);Utara;Standard;1-2 Mobil;Yes;> 10 Tahun;Yes;No;5 bln;;;;;;;;;
;Standard;wisata bukit mas;180.00;146.00;4;3;2.00;2500000000;2500000000;0;Belum;Hak Milik (SHM);Selatan;Standard;> 2 Mobil;Yes;5 - 10 Tahun;Yes;No;2 bln;Yes;Yes;Yes;Yes;Yes;;;;
;Standard;griya pesona asri medayu rungkut;78.00;50.00;2;1;1.00;975000000;975000000;0;Belum;Hak Milik (SHM);Selatan;Standard;> 2 Mobil;Yes;5 - 10 Tahun;Yes;No;3 bln;;;;;;;;;
;Standard;kalijudan barat;205.00;203.00;4;2;2.00;1150000000;1150000000;0;Belum;Hak Milik (SHM);Selatan;Standard;1-2 Mobil;Yes;5 - 10 Tahun;No;No;1 thn;Yes;Yes;;;;;;;
;Premium;kertajaya indah regency blok h;198.00;350.00;7;4;2.00;3400000000;3400000000;0;Belum;Hak Milik (SHM);Timur;Tusuk Sate;> 2 Mobil;Yes;5 - 10 Tahun;Yes;Yes;4 bln;;Yes;Yes;Yes;;;Yes;;
;Premium;nirwana eksekutif;198.00;350.00;6;6;2.00;3600000000;3600000000;0;Belum;Hak Milik (SHM);Utara;Standard;> 2 Mobil;Yes;5 - 10 Tahun;Yes;Yes;2 bln;Yes;;;;Yes;;;;
;Premium;cipunegara;280.00;222.00;4;2;2.00;3500000000;3100000000;0;Belum;Hak Guna Bangunan (HGB);Timur;Standard;> 2 Mobil;Yes;> 10 Tahun;No;No;1 bln;Yes;Yes;Yes;;;;;;
;Sangat Premium;rungkut mutiara blok c;304.00;330.00;5;4;2.00;6000000000;6000000000;0;Belum;Hak Milik (SHM);Barat;Standard;> 2 Mobil;Yes;5 - 10 Tahun;Yes;Yes;1 bln;;;;;;;;;
;Standard;keputih;100.00;160.00;4;3;2.00;1250000000;1250000000;0;Belum;Hak Milik (SHM);Timur;Standard;1-2 Mobil;Yes;1 - 4 Tahun;Yes;Yes;1 bln;Yes;;;;Yes;;;;
;Sangat Premium;citraland rafles garden;312.00;475.00;6;7;2.50;6700000000;6700000000;0;Belum;Hak Guna Bangunan (HGB);Utara;Standard;> 2 Mobil;Yes;5 - 10 Tahun;Yes;Yes;2 bln;Yes;Yes;Yes;;;;;;
;Sangat Premium;puri galaxy;360.00;380.00;6;4;3.00;8700000000;8700000000;0;Belum;Hak Milik (SHM);Timur;Standard;> 2 Mobil;Yes;5 - 10 Tahun;Yes;No;2 bln;;Yes;Yes;;;;;;
;Standard;banjaran kediri;400.00;250.00;4;1;1.00;2500000000;2500000000;0;Belum;Hak Milik (SHM);Timur;Standard;1-2 Mobil;Yes;5 - 10 Tahun;Yes;No;2 bln;;;;;;;;;
;Standard;alam galaxy;72.00;50.00;1;2;1.00;1400000000;1400000000;0;Belum;Hak Milik (SHM);Timur;Standard;1-2 Mobil;Yes;1 - 4 Tahun;Yes;No;2 bln;;;;;;;;;
;Standard;alam galaxy;144.00;120.00;4;2;1.50;2200000000;2200000000;0;Belum;Hak Milik (SHM);Selatan;Standard;> 2 Mobil;Yes;1 - 4 Tahun;Yes;Yes;2 bln;;;;;;;;;
;Standard;sukolilo dian regency 1;105.00;80.00;3;2;1.50;1250000000;1250000000;0;Belum;Hak Milik (SHM);Selatan;Standard;> 2 Mobil;Yes;1 - 4 Tahun;Yes;No;1 bln;;;;;;;;;
;Premium;darmo permai timur;375.00;353.00;4;3;2.00;4000000000;4000000000;0;Belum;Hak Milik (SHM);Selatan;Standard;> 2 Mobil;Yes;> 10 Tahun;No;No;2 bln;;;;;;;;;
;Premium;royal residence;352.00;500.00;6;4;3.00;6500000000;6500000000;0;Belum;Hak Milik (SHM);Timur;Standard;> 2 Mobil;Yes;5 - 10 Tahun;Yes;Yes;4 bln;;;;;;;;;
;Standard;darmo permai timur;135.00;170.00;5;4;2.00;2850000000;2850000000;0;Belum;Hak Milik (SHM);Timur;Standard;1-2 Mobil;Yes;5 - 10 Tahun;Yes;No;2 bln;;;;;;;;;
;Sangat Premium;pakuwon indah ae;300.00;312.00;5;5;2.00;12000000000;12000000000;0;Belum;Pengikatan Perjanjian Jual Beli (PPJB);Utara;Standard;> 2 Mobil;Yes;5 - 10 Tahun;Yes;Yes;2 bln;;;;;;;;;
;Premium;pondok nirwana;240.00;200.00;6;3;2.00;3300000000;3300000000;0;Belum;Hak Milik (SHM);Utara;Standard;> 2 Mobil;Yes;1 - 4 Tahun;Yes;No;1 bln;Yes;;;;;;;;
;Sangat Premium;dian istana park avenue c;375.00;400.00;5;4;2.00;8500000000;8500000000;0;Belum;Hak Guna Bangunan (HGB);Selatan;Standard;> 2 Mobil;Yes;1 - 4 Tahun;Yes;No;1 bln;;;;;;;;;
;Standard;mojoklangru lor;138.00;138.00;3;2;1.00;1650000000;1650000000;0;Belum;Hak Milik (SHM);Utara;Standard;1-2 Mobil;Yes;5 - 10 Tahun;Yes;No;1 bln;;;;;;;;;
;Premium;mojoklanggru kidul;350.00;450.00;6;3;2.00;4700000000;4700000000;0;Belum;Hak Milik (SHM);Utara;Tikungan/Hook;1-2 Mobil;Yes;5 - 10 Tahun;Yes;No;1 bln;Yes;;Yes;Yes;;;;;Yes
;Premium;dharma husada utara;397.00;297.00;7;4;2.00;6800000000;6800000000;0;Belum;Hak Guna Bangunan (HGB);Barat;Standard;> 2 Mobil;Yes;5 - 10 Tahun;Yes;No;1 bln;;;;;;;;;
;Premium;kertajaya indah regency;198.00;350.00;7;4;2.00;3400000000;3400000000;0;Belum;Hak Milik (SHM);Timur;Standard;> 2 Mobil;Yes;1 - 4 Tahun;Yes;No;1 bln;;;;;;;;;
;Premium;sutorejo prima;350.00;450.00;5;5;2.00;5200000000;5200000000;0;Belum;Hak Milik (SHM);Barat;Standard;> 2 Mobil;Yes;1 - 4 Tahun;Yes;Yes;1 bln;Yes;Yes;Yes;;Yes;;;;
;Premium;semolowaru elok;303.00;220.00;6;6;2.00;3300000000;3300000000;0;Belum;Hak Milik (SHM);Selatan;Standard;1-2 Mobil;Yes;1 - 4 Tahun;Yes;No;1 bln;Yes;Yes;Yes;;Yes;;;;
;Premium;manyar redjo;351.00;198.00;4;3;1.00;4900000000;4900000000;0;Belum;Hak Milik (SHM);Utara;Standard;> 2 Mobil;Yes;5 - 10 Tahun;Yes;No;1 bln;Yes;;;;;;;;
;Premium;dharma husada mas;200.00;300.00;5;4;2.00;4250000000;4250000000;0;Belum;Hak Milik (SHM);Selatan;Standard;> 2 Mobil;Yes;5 - 10 Tahun;Yes;No;1 bln;Yes;Yes;Yes;;Yes;;;;
;Standard;wiguna tengah;60.00;50.00;2;1;1.00;750000000;750000000;0;Belum;Hak Milik (SHM);Selatan;Standard;1-2 Mobil;Yes;1 - 4 Tahun;Yes;No;1 bln;;;;;;;;;
;Standard;manyar tirtoasri;70.00;120.00;4;4;2.00;1500000000;1500000000;0;Belum;Hak Milik (SHM);Utara;Standard;> 2 Mobil;Yes;5 - 10 Tahun;Yes;No;1 bln;;;;;;;;;
;Standard;dukuh setro;210.00;210.00;5;2;1.50;1500000000;1500000000;0;Belum;Hak Milik (SHM);Timur;Standard;1-2 Mobil;Yes;5 - 10 Tahun;Yes;No;1 bln;;;;;;;;;
;Premium;graha family;230.00;270.00;4;4;2.00;5500000000;5500000000;0;Belum;Hak Milik (SHM);Selatan;Standard;> 2 Mobil;Yes;1 - 4 Tahun;Yes;Yes;1 bln;;;;;;;;;
;Standard;jemursari regency;120.00;140.00;4;4;1.00;2500000000;2500000000;0;Belum;Hak Milik (SHM);Selatan;Standard;> 2 Mobil;Yes;1 - 4 Tahun;Yes;No;1 bln;Yes;;Yes;;Yes;;;;
;Premium;Graha Famili;360.00;600.00;6;7;2.00;11000000000;13500000000;0;Belum;Hak Milik (SHM);Selatan;Standard;> 2 Mobil;No;5 - 10 Tahun;Yes;No;3 bulan;No;Yes;No;Yes;No;No;Yes;Yes;No
;Premium;Graha Famili;792.00;500.00;6;5;2.00;20000000000;17000000000;0;Belum;Hak Milik (SHM);Selatan;Standard;> 2 Mobil;Yes;> 10 Tahun;Yes;Yes;6 bulan;No;Yes;No;Yes;No;No;Yes;Yes;No
;Premium;Graha Famili;252.00;290.00;5;4;2.00;6000000000;7250000000;0;Belum;Hak Milik (SHM);Barat;Standard;> 2 Mobil;No;5 - 10 Tahun;Yes;No;3 bulan;No;Yes;Yes;Yes;No;No;Yes;Yes;No
;Premium;Graha Famili;300.00;450.00;4;4;2.00;8000000000;7000000000;6300000000;Terjual;Hak Milik (SHM);Utara;Standard;> 2 Mobil;Yes;> 10 Tahun;Yes;No;6 bulan;No;Yes;Yes;Yes;No;No;Yes;Yes;No
;Sangat Premium;Graha Famili;2000.00;1475.00;8;9;2.00;120000000000;105000000000;0;Belum;Hak Milik (SHM);Selatan;Standard;> 2 Mobil;Yes;5 - 10 Tahun;No;No;3 bulan;No;Yes;Yes;Yes;No;No;Yes;Yes;No
;Premium;Graha Famili;450.00;400.00;5;5;2.00;12000000000;11500000000;0;Belum;Hak Milik (SHM);Utara;Standard;> 2 Mobil;No;5 - 10 Tahun;Yes;No;6 bulan;No;Yes;Yes;Yes;No;No;Yes;Yes;No
;Premium;Graha Famili;252.00;270.00;5;4;2.00;5500000000;5000000000;0;Belum;Hak Guna Bangunan (HGB);Timur;Tusuk Sate;> 2 Mobil;No;5 - 10 Tahun;Yes;Yes;1 thn;No;Yes;Yes;Yes;No;No;Yes;Yes;No
;Premium;Graha Famili;875.00;600.00;7;5;2.00;20000000000;18000000000;0;Belum;Hak Guna Bangunan (HGB);Selatan;Standard;> 2 Mobil;No;> 10 Tahun;No;No;1 thn;No;Yes;Yes;Yes;No;No;Yes;Yes;No
;Premium;Graha Famili;412.00;370.00;5;4;2.00;11000000000;9800000000;0;Belum;Hak Milik (SHM);Selatan;Tikungan/Hook;> 2 Mobil;Yes;5 - 10 Tahun;Yes;No;6 bulan;No;Yes;Yes;Yes;No;No;Yes;Yes;No
;Premium;Graha Famili;375.00;300.00;5;4;2.00;10000000000;11000000000;8900000000;Terjual;Hak Guna Bangunan (HGB);Timur;Standard;> 2 Mobil;Yes;5 - 10 Tahun;Yes;No;2 bulan;No;Yes;Yes;Yes;No;No;Yes;Yes;No
;Premium;Citraland;240.00;200.00;5;4;2.00;5000000000;5500000000;0;Belum;Hak Guna Bangunan (HGB);Utara;Standard;> 2 Mobil;No;1 - 4 Tahun;Yes;No;4 bulan;Yes;Yes;No;No;Yes;No;No;No;No
;Premium;Citraland;210.00;180.00;4;2;2.00;4500000000;3600000000;0;Belum;Hak Milik (SHM);Selatan;Standard;> 2 Mobil;Yes;5 - 10 Tahun;Yes;No;6 bulan;Yes;Yes;No;No;Yes;Yes;No;No;No
;Premium;Citraland;171.00;120.00;4;2;2.00;2400000000;2600000000;0;Belum;Hak Milik (SHM);Selatan;Standard;> 2 Mobil;No;5 - 10 Tahun;Yes;No;3 bulan;Yes;Yes;No;No;Yes;No;Yes;No;No
;Premium;Citraland;105.00;70.00;2;1;1.00;1200000000;1400000000;1000000000;Terjual;Hak Milik (SHM);Utara;Standard;1-2 Mobil;Yes;> 10 Tahun;Yes;No;3 bulan;Yes;Yes;No;No;Yes;No;No;No;No
;Premium;Citraland;450.00;370.00;6;4;2.00;8500000000;9000000000;7300000000;Terjual;Hak Milik (SHM);Barat;Tusuk Sate;> 2 Mobil;Yes;> 10 Tahun;Yes;No;1 thn;Yes;Yes;No;No;Yes;No;No;No;Yes
;Sangat Premium;Citraland;800.00;1200.00;8;7;2.00;30000000000;40000000000;0;Belum;Hak Guna Bangunan (HGB);Timur;Standard;> 2 Mobil;No;5 - 10 Tahun;Yes;Yes;1 thn;Yes;Yes;No;No;Yes;No;No;No;No
;Premium;Citraland;90.00;120.00;4;2;2.00;1800000000;2000000000;0;Belum;Pengikatan Perjanjian Jual Beli (PPJB);Utara;Standard;> 2 Mobil;No;1 - 4 Tahun;Yes;No;5 bulan;Yes;Yes;No;No;Yes;No;No;No;No
;Standard;Citraland Utara;90.00;100.00;3;2;2.00;1500000000;1600000000;0;Belum;Pengikatan Perjanjian Jual Beli (PPJB);Timur;Standard;> 2 Mobil;Yes;1 - 4 Tahun;Yes;No;2 bulan;Yes;Yes;No;No;Yes;No;No;No;No
;Standard;Citraland Utara;120.00;100.00;3;2;2.00;2000000000;2400000000;0;Belum;Pengikatan Perjanjian Jual Beli (PPJB);Utara;Standard;> 2 Mobil;No;1 - 4 Tahun;Yes;Yes;6 bulan;Yes;Yes;No;No;Yes;No;No;No;No
;Standard;Citraland Utara;72.00;45.00;2;1;1.00;850000000;900000000;0;Belum;Pengikatan Perjanjian Jual Beli (PPJB);Utara;Tusuk Sate;1-2 Mobil;No;5 - 10 Tahun;Yes;No;1 thn;Yes;Yes;No;No;Yes;No;No;No;No
;Premium;Dian Istana;252.00;250.00;5;3;2.00;5000000000;4500000000;0;Belum;Hak Milik (SHM);Timur;Standard;> 2 Mobil;No;5 - 10 Tahun;Yes;Yes;1 thn;No;No;No;No;No;No;Yes;No;No
;Premium;Dian Istana;240.00;200.00;5;3;2.00;5000000000;5500000000;4800000000;Terjual;Hak Guna Bangunan (HGB);Utara;Standard;> 2 Mobil;No;1 - 4 Tahun;Yes;No;6 bulan;No;No;No;No;No;No;Yes;No;No
;Premium;Dian Istana;128.00;160.00;4;3;2.00;3600000000;4000000000;0;Belum;Pengikatan Perjanjian Jual Beli (PPJB);Utara;Standard;> 2 Mobil;No;1 - 4 Tahun;Yes;No;4 bulan;No;No;No;No;No;No;Yes;No;No
;Premium;Dian Istana;600.00;780.00;7;6;2.00;12500000000;14000000000;0;Belum;Hak Milik (SHM);Selatan;Standard;> 2 Mobil;No;5 - 10 Tahun;Yes;No;1 tahun;No;No;No;No;No;No;Yes;No;No
;Premium;Dian Istana;200.00;220.00;5;3;2.00;4000000000;3300000000;0;Belum;Hak Milik (SHM);Barat;Cul De Sac/Ujung Gang Buntu;> 2 Mobil;Yes;5 - 10 Tahun;No;No;8 bulan;No;No;No;No;No;No;Yes;No;No
;Premium;Bukit Darmo Golf;240.00;200.00;4;2;2.00;5000000000;4800000000;0;Belum;Hak Milik (SHM);Utara;Standard;> 2 Mobil;Yes;5 - 10 Tahun;Yes;No;3 bulan;No;Yes;No;Yes;No;No;Yes;No;No
;Premium;Bukit Darmo Golf;800.00;1000.00;7;7;2.00;25000000000;23000000000;0;Belum;Hak Milik (SHM);Utara;Standard;> 2 Mobil;No;5 - 10 Tahun;Yes;Yes;1 thn;No;Yes;No;Yes;No;No;Yes;No;No
;Premium;Bukit Darmo Golf;240.00;200.00;4;2;2.00;5000000000;5500000000;0;Belum;Hak Milik (SHM);Selatan;Standard;> 2 Mobil;No;5 - 10 Tahun;Yes;No;1 thn;No;Yes;No;Yes;No;No;Yes;No;No
;Premium;Royal Residence;144.00;180.00;5;3;2.00;2800000000;3300000000;0;Belum;Pengikatan Perjanjian Jual Beli (PPJB);Timur;Standard;> 2 Mobil;No;5 - 10 Tahun;Yes;Yes;8 bulan;No;No;No;No;Yes;No;Yes;No;No
;Premium;Royal Residence;128.00;160.00;5;4;2.50;2800000000;3200000000;0;Belum;Pengikatan Perjanjian Jual Beli (PPJB);Selatan;Standard;> 2 Mobil;No;1 - 4 Tahun;Yes;Yes;4 bulan;No;No;No;No;Yes;No;Yes;No;No
;Premium;Darmo Permai;90.00;120.00;3;2;2.00;1400000000;1700000000;0;Belum;Hak Milik (SHM);Selatan;Standard;1-2 Mobil;No;5 - 10 Tahun;Yes;No;6 bulan;Yes;No;No;No;Yes;No;No;No;No
;Standard;Darmo Permai;180.00;100.00;4;2;1.00;2100000000;1900000000;0;Belum;Hak Milik (SHM);Utara;Standard;1-2 Mobil;Yes;> 10 Tahun;Yes;No;2 bulan;Yes;No;No;No;No;No;No;No;No
;Standard;Darmo Permai;225.00;300.00;5;4;2.00;2800000000;2800000000;0;Belum;Hak Milik (SHM);Timur;Standard;1-2 Mobil;Yes;> 10 Tahun;Yes;Yes;3 bulan;Yes;No;No;No;No;No;No;No;No
;Standard;Darmo Permai;120.00;100.00;4;2;2.00;1500000000;1600000000;1200000000;Terjual;Hak Milik (SHM);Barat;Standard;1-2 Mobil;Yes;5 - 10 Tahun;Yes;No;6 bulan;No;Yes;No;No;Yes;No;No;No;No
;Premium;Darmo Permai;800.00;550.00;7;4;2.00;22000000000;25000000000;17000000000;Terjual;Hak Milik (SHM);Barat;Standard;> 2 Mobil;Yes;> 10 Tahun;Yes;No;6 bulan;Yes;Yes;No;No;No;No;No;Yes;Yes
;Standard;Darmo Permai;180.00;240.00;4;4;2.00;2200000000;3000000000;0;Belum;Hak Milik (SHM);Selatan;Standard;1-2 Mobil;No;> 10 Tahun;Yes;No;3 bulan;Yes;No;No;No;No;No;No;No;No
;Standard;Darmo Permai;135.00;220.00;4;3;2.00;1800000000;1900000000;0;Belum;Hak Milik (SHM);Timur;Standard;1-2 Mobil;No;> 10 Tahun;Yes;Yes;2 bulan;No;No;No;No;No;No;No;No;No
;Standard;Darmo Permai;90.00;120.00;4;2;2.00;1700000000;1800000000;0;Belum;Hak Milik (SHM);Timur;Standard;1-2 Mobil;Yes;> 10 Tahun;Yes;No;1 thn;Yes;No;No;No;No;No;No;No;No
;Standard;Darmo Permai;120.00;85.00;3;2;1.00;1100000000;900000000;0;Belum;Hak Milik (SHM);Barat;Tusuk Sate;1-2 Mobil;Yes;> 10 Tahun;No;No;14 bulan;Yes;No;No;No;No;No;No;No;No
;Standard;Darmo Permai;264.00;400.00;5;5;2.00;2800000000;3700000000;0;Belum;Hak Milik (SHM);Utara;Tikungan/Hook;1-2 Mobil;No;1 - 4 Tahun;Yes;No;4 bulan;Yes;No;No;No;No;No;No;No;No
;Standard;Kupang Indah;240.00;400.00;5;4;2.00;4800000000;5000000000;4800000000;Terjual;Hak Milik (SHM);Timur;Standard;> 2 Mobil;No;1 - 4 Tahun;Yes;Yes;3 bulan;No;No;No;No;No;No;No;No;No
;Standard;Kupang Indah;300.00;200.00;5;3;1.00;4500000000;4500000000;0;Belum;Hak Milik (SHM);Barat;Standard;> 2 Mobil;No;> 10 Tahun;Yes;Yes;6 bulan;No;No;No;No;Yes;No;No;No;No
;Standard;Kupang Indah;600.00;450.00;7;5;1.00;7000000000;6800000000;0;Belum;Hak Milik (SHM);Timur;Standard;> 2 Mobil;Yes;5 - 10 Tahun;Yes;No;2 bulan;No;No;No;No;No;No;No;No;No
;Standard;Kupang Indah;240.00;180.00;4;4;1.00;3800000000;3500000000;0;Belum;Hak Milik (SHM);Selatan;Standard;> 2 Mobil;Yes;5 - 10 Tahun;Yes;No;7 bulan;No;No;No;No;Yes;No;No;No;No
;Standard;Kupang Indah;320.00;385.00;6;4;1.00;3200000000;3000000000;0;Belum;Hak Milik (SHM);Utara;Tikungan/Hook;> 2 Mobil;Yes;5 - 10 Tahun;Yes;No;6 bulan;No;No;No;No;No;No;No;No;No
;Standard;Kupang Indah;240.00;400.00;5;4;2.00;5000000000;5500000000;0;Belum;Hak Milik (SHM);Barat;Standard;> 2 Mobil;No;1 - 4 Tahun;Yes;No;3 bulan;No;No;No;No;No;No;No;No;No
;Standard;Kupang Indah;360.00;200.00;5;3;1.00;4800000000;5200000000;0;Belum;Hak Milik (SHM);Selatan;Tikungan/Hook;> 2 Mobil;No;5 - 10 Tahun;Yes;No;3 bulan;No;Yes;No;No;No;No;No;No;No
;Premium;Kupang Indah;400.00;700.00;7;5;2.00;7000000000;7500000000;0;Belum;Hak Milik (SHM);Selatan;Standard;> 2 Mobil;No;5 - 10 Tahun;Yes;No;3 bulan;No;Yes;No;No;No;No;No;No;No
;Premium;Kupang Indah;500.00;680.00;7;4;2.00;8000000000;9000000000;0;Belum;Hak Milik (SHM);Selatan;Standard;> 2 Mobil;No;5 - 10 Tahun;Yes;No;1 thn;No;No;No;No;No;No;No;No;No
;Below Standard;Kupang Indah;300.00;215.00;4;4;1.00;3000000000;2700000000;0;Belum;Hak Milik (SHM);Utara;Standard;> 2 Mobil;Yes;> 10 Tahun;Yes;Yes;6 bulan;No;No;No;No;No;No;No;No;No
;Premium;Pakuwon Indah;144.00;200.00;4;4;2.00;3600000000;4000000000;0;Belum;Hak Guna Bangunan (HGB);Utara;Standard;> 2 Mobil;No;1 - 4 Tahun;Yes;No;4 bulan;No;No;No;Yes;No;No;Yes;No;No
;Premium;Pakuwon Indah;144.00;216.00;4;4;2.00;3600000000;4200000000;0;Belum;Hak Milik (SHM);Barat;Standard;> 2 Mobil;No;5 - 10 Tahun;Yes;No;2 bulan;No;No;No;Yes;No;No;Yes;No;No
;Premium;Pakuwon Indah;180.00;242.00;5;4;2.00;4500000000;4300000000;0;Belum;Hak Milik (SHM);Selatan;Standard;> 2 Mobil;Yes;5 - 10 Tahun;Yes;No;6 bulan;No;No;No;Yes;No;No;Yes;No;No
;Premium;Pakuwon Indah;180.00;236.00;5;4;2.00;4500000000;5000000000;0;Belum;Hak Guna Bangunan (HGB);Barat;Standard;> 2 Mobil;No;5 - 10 Tahun;Yes;Yes;6 bulan;No;No;No;Yes;No;No;Yes;No;No
;Premium;Pakuwon Indah;240.00;400.00;5;4;2.00;6000000000;7800000000;0;Belum;Pengikatan Perjanjian Jual Beli (PPJB);Timur;Standard;> 2 Mobil;No;1 - 4 Tahun;Yes;No;8 bulan;No;No;No;Yes;No;No;Yes;No;No
;Premium;Pakuwon Indah;240.00;420.00;5;4;2.00;6000000000;7000000000;0;Belum;Pengikatan Perjanjian Jual Beli (PPJB);Utara;Standard;> 2 Mobil;No;1 - 4 Tahun;Yes;Yes;6 bulan;No;No;No;Yes;No;No;Yes;No;No
;Premium;Pakuwon Indah;450.00;800.00;6;3;2.00;11000000000;11500000000;0;Belum;Hak Milik (SHM);Barat;Standard;> 2 Mobil;No;5 - 10 Tahun;Yes;No;6 bulan;No;No;No;Yes;No;No;Yes;No;No
;Premium;Pakuwon Indah;600.00;1000.00;8;6;2.00;15000000000;18000000000;0;Belum;Hak Milik (SHM);Selatan;Standard;> 2 Mobil;No;5 - 10 Tahun;Yes;No;1 thn;No;No;No;Yes;No;No;Yes;No;No
;Premium;Pakuwon Indah;240.00;400.00;5;4;2.00;4500000000;4300000000;0;Belum;Hak Milik (SHM);Timur;Standard;> 2 Mobil;No;5 - 10 Tahun;Yes;No;6 bulan;No;No;No;Yes;No;No;Yes;No;No
;Premium;Pakuwon Indah;870.00;1450.00;8;6;2.00;23000000000;30000000000;0;Belum;Hak Milik (SHM);Utara;Tikungan/Hook;> 2 Mobil;No;5 - 10 Tahun;Yes;Yes;6 bulan;No;No;No;Yes;No;No;Yes;No;No
;Premium;Citraland;210.00;200.00;5;5;2.00;5000000000;5500000000;0;Belum;Hak Guna Bangunan (HGB);Utara;Standard;> 2 Mobil;No;1 - 4 Tahun;Yes;No;4 bulan;Yes;Yes;No;No;Yes;No;No;No;No
;Premium;Citraland;252.00;180.00;4;2;2.00;4500000000;3600000000;3500000000;Terjual;Hak Milik (SHM);Utara;Standard;> 2 Mobil;Yes;5 - 10 Tahun;Yes;No;6 bulan;Yes;Yes;No;No;Yes;Yes;No;No;No
;Standard;Citraland;135.00;110.00;4;2;2.00;2100000000;2000000000;1800000000;Terjual;Pengikatan Perjanjian Jual Beli (PPJB);Timur;Standard;> 2 Mobil;Yes;5 - 10 Tahun;Yes;No;3 bulan;Yes;Yes;No;No;Yes;No;Yes;No;No
;Standard;Citraland;105.00;100.00;2;1;2.00;1500000000;1400000000;1100000000;Terjual;Hak Milik (SHM);Utara;Standard;1-2 Mobil;Yes;> 10 Tahun;Yes;No;3 bulan;Yes;Yes;No;No;Yes;No;No;No;No
;Premium;Citraland;300.00;700.00;6;4;2.50;7000000000;7800000000;7200000000;Terjual;Hak Milik (SHM);Selatan;Standard;> 2 Mobil;Yes;1 - 4 Tahun;Yes;No;4 bulan;Yes;Yes;No;No;Yes;No;No;No;Yes
;Premium;Citraland;600.00;900.00;8;7;2.00;18000000000;21000000000;0;Belum;Hak Guna Bangunan (HGB);Timur;Standard;> 2 Mobil;No;5 - 10 Tahun;Yes;Yes;1 thn;Yes;Yes;No;No;Yes;No;No;No;No
;Premium;Citraland;90.00;120.00;4;2;2.00;1800000000;2000000000;0;Belum;Pengikatan Perjanjian Jual Beli (PPJB);Utara;Standard;> 2 Mobil;No;1 - 4 Tahun;Yes;No;5 bulan;Yes;Yes;No;No;Yes;No;No;No;No
;Standard;Citraland Utara;90.00;100.00;3;2;2.00;1500000000;1600000000;0;Belum;Pengikatan Perjanjian Jual Beli (PPJB);Timur;Standard;> 2 Mobil;Yes;1 - 4 Tahun;Yes;No;2 bulan;No;Yes;No;No;Yes;No;No;No;No
;Standard;Citraland Utara;120.00;100.00;3;2;2.00;2000000000;2400000000;0;Belum;Pengikatan Perjanjian Jual Beli (PPJB);Utara;Standard;> 2 Mobil;No;1 - 4 Tahun;Yes;No;6 bulan;No;Yes;No;No;Yes;No;No;No;No
;Standard;Citraland Utara;135.00;180.00;4;2;2.00;2200000000;2100000000;0;Belum;Pengikatan Perjanjian Jual Beli (PPJB);Utara;Standard;1-2 Mobil;No;1 - 4 Tahun;Yes;No;3 bulan;No;Yes;No;No;Yes;No;No;No;No
;Premium;Royal Residence;144.00;180.00;5;3;2.00;2800000000;3300000000;0;Belum;Pengikatan Perjanjian Jual Beli (PPJB);Timur;Standard;> 2 Mobil;No;5 - 10 Tahun;Yes;Yes;8 bulan;No;No;No;No;Yes;No;Yes;No;No
;Premium;Royal Residence;128.00;160.00;5;4;2.50;2800000000;3200000000;0;Belum;Pengikatan Perjanjian Jual Beli (PPJB);Selatan;Standard;> 2 Mobil;No;1 - 4 Tahun;Yes;Yes;4 bulan;No;No;No;No;Yes;No;Yes;No;No
;Premium;Royal Residence;128.00;161.00;4;2;2.00;2400000000;2800000000;2200000000;Terjual;Pengikatan Perjanjian Jual Beli (PPJB);Timur;Standard;> 2 Mobil;Yes;5 - 10 Tahun;Yes;No;3 bulan;No;No;No;No;Yes;No;Yes;No;No
;Premium;Royal Residence;300.00;450.00;5;4;2.00;6000000000;6400000000;0;Belum;Hak Milik (SHM);Selatan;Standard;> 2 Mobil;No;1 - 4 Tahun;Yes;Yes;3 bulan;No;No;No;No;Yes;No;Yes;No;No
;Premium;Royal Residence;198.00;200.00;5;4;2.50;3000000000;3200000000;0;Belum;Pengikatan Perjanjian Jual Beli (PPJB);Timur;Tikungan/Hook;> 2 Mobil;No;1 - 4 Tahun;Yes;No;4 bulan;No;No;No;No;Yes;No;Yes;No;No
;Standard;Darmo Permai;90.00;115.00;4;4;2.00;1600000000;1850000000;0;Belum;Hak Milik (SHM);Timur;Standard;1-2 Mobil;No;1 - 4 Tahun;Yes;No;6 bulan;Yes;No;No;No;Yes;No;No;No;No
;Standard;Darmo Permai;90.00;132.00;4;2;2.00;1600000000;1900000000;0;Belum;Hak Milik (SHM);Timur;Standard;1-2 Mobil;No;1 - 4 Tahun;Yes;No;6 bulan;Yes;No;No;No;Yes;No;No;No;No
;Standard;Darmo Permai;90.00;120.00;4;2;2.00;1600000000;1900000000;0;Belum;Hak Milik (SHM);Timur;Standard;1-2 Mobil;No;1 - 4 Tahun;Yes;No;6 bulan;Yes;No;No;No;Yes;No;No;No;No
;Standard;Darmo Permai;180.00;100.00;4;2;1.00;2100000000;1900000000;0;Belum;Hak Milik (SHM);Utara;Standard;1-2 Mobil;Yes;> 10 Tahun;Yes;No;2 bulan;Yes;No;No;No;No;No;No;No;No
;Standard;Darmo Permai;225.00;300.00;5;4;2.00;2800000000;2800000000;0;Belum;Hak Milik (SHM);Timur;Tikungan/Hook;> 2 Mobil;No;5 - 10 Tahun;Yes;Yes;3 bulan;Yes;No;No;No;No;No;No;No;No
;Standard;Darmo Permai;162.00;130.00;4;2;2.00;1500000000;1300000000;1200000000;Terjual;Hak Milik (SHM);Barat;Standard;1-2 Mobil;Yes;> 10 Tahun;No;No;2 bulan;No;Yes;No;No;Yes;No;No;No;No
;Premium;Raya Darmo Permai;800.00;1000.00;7;4;2.00;22000000000;28000000000;0;Belum;Hak Milik (SHM);Barat;Standard;> 2 Mobil;Yes;> 10 Tahun;Yes;No;6 bulan;Yes;Yes;No;No;No;No;No;Yes;Yes
;Premium;Raya Darmo Permai;775.00;580.00;7;5;2.00;20000000000;25000000000;0;Belum;Hak Milik (SHM);Timur;Standard;> 2 Mobil;No;> 10 Tahun;Yes;No;12 bulan;Yes;Yes;No;No;No;No;No;Yes;Yes
;Premium;Raya Darmo Permai;1000.00;1300.00;8;6;2.00;25000000000;32000000000;0;Belum;Hak Milik (SHM);Timur;Standard;> 2 Mobil;No;> 10 Tahun;Yes;No;10 bulan;Yes;Yes;No;No;No;No;No;Yes;Yes
;Premium;Raya Darmo Permai;800.00;923.00;7;6;2.00;22000000000;25000000000;0;Belum;Hak Milik (SHM);Barat;Standard;> 2 Mobil;No;> 10 Tahun;Yes;No;3 bulan;Yes;Yes;No;No;No;No;No;Yes;Yes
;Premium;Wisata Bukit Mas;144.00;180.00;5;3;2.00;2400000000;2900000000;0;Belum;Hak Milik (SHM);Timur;Standard;> 2 Mobil;No;5 - 10 Tahun;Yes;Yes;8 bulan;No;No;No;No;Yes;No;Yes;No;No
;Premium;Wisata Bukit Mas;128.00;160.00;5;4;2.50;2200000000;2600000000;0;Belum;Hak Milik (SHM);Barat;Standard;> 2 Mobil;No;1 - 4 Tahun;Yes;Yes;4 bulan;No;No;No;No;Yes;No;Yes;No;No
;Premium;Wisata Bukit Mas;128.00;161.00;4;2;2.00;2400000000;2800000000;2200000000;Terjual;Hak Milik (SHM);Timur;Standard;> 2 Mobil;Yes;1 - 4 Tahun;Yes;No;6 bulan;No;No;No;No;Yes;No;Yes;No;No
;Premium;Wisata Bukit Mas;180.00;160.00;4;2;2.00;2100000000;1900000000;1600000000;Belum;Hak Milik (SHM);Barat;Tusuk Sate;> 2 Mobil;No;5 - 10 Tahun;Yes;Yes;3 bulan;No;No;No;No;Yes;No;Yes;No;No
;Premium;Wisata Bukit Mas;198.00;200.00;5;4;2.50;3000000000;3200000000;0;Belum;Hak Milik (SHM);Timur;Tikungan/Hook;> 2 Mobil;No;5 - 10 Tahun;Yes;No;4 bulan;No;No;No;No;Yes;No;Yes;No;No
;Premium;Dian Istana;252.00;250.00;5;4;2.00;5000000000;4700000000;4400000000;Terjual;Hak Milik (SHM);Selatan;Standard;> 2 Mobil;No;5 - 10 Tahun;Yes;No;1 tahun;No;No;No;No;No;No;Yes;No;No
;Premium;Dian Istana;240.00;360.00;5;3;2.50;5000000000;5500000000;0;Belum;Hak Guna Bangunan (HGB);Utara;Standard;> 2 Mobil;No;1 - 4 Tahun;Yes;No;8 bulan;No;No;No;No;No;No;Yes;No;No
;Premium;Dian Istana;128.00;160.00;4;3;2.00;3600000000;4100000000;0;Belum;Pengikatan Perjanjian Jual Beli (PPJB);Selatan;Standard;> 2 Mobil;No;1 - 4 Tahun;Yes;No;4 bulan;No;No;No;No;No;No;Yes;No;No
;Premium;Dian Istana;450.00;600.00;7;6;2.00;10000000000;11200000000;0;Belum;Hak Milik (SHM);Utara;Standard;> 2 Mobil;No;5 - 10 Tahun;Yes;No;10 bulan;No;No;No;No;No;No;Yes;No;No
;Premium;Dian Istana;200.00;312.00;5;3;2.00;4000000000;4600000000;0;Belum;Hak Milik (SHM);Timur;Standard;> 2 Mobil;Yes;5 - 10 Tahun;No;No;3 bulan;No;No;No;No;No;No;Yes;No;No
;Sangat Premium;Pakuwon Square;180.00;700.00;0;4;4.00;15000000000;17500000000;0;Belum;Hak Guna Bangunan (HGB);Timur;Standard;> 2 Mobil;No;1 - 4 Tahun;Yes;No;6 bulan;No;Yes;Yes;Yes;No;No;No;Yes;Yes
;Sangat Premium;Pakuwon Square;180.00;625.00;0;3;3.50;14000000000;16000000000;0;Belum;Hak Guna Bangunan (HGB);Timur;Standard;> 2 Mobil;No;5 - 10 Tahun;Yes;No;6 bulan;No;Yes;Yes;Yes;No;No;No;Yes;Yes
;Sangat Premium;Pakuwon Square;360.00;1500.00;0;3;4.00;30000000000;32000000000;0;Belum;Hak Guna Bangunan (HGB);Timur;Standard;> 2 Mobil;No;1 - 4 Tahun;Yes;No;12 bulan;No;Yes;Yes;Yes;No;No;No;Yes;Yes
;Premium;Pakuwon Indah;144.00;200.00;4;4;2.00;3300000000;3600000000;0;Belum;Hak Guna Bangunan (HGB);Selatan;Standard;> 2 Mobil;No;5 - 10 Tahun;Yes;No;6 bulan;No;No;No;Yes;No;No;Yes;No;No
;Premium;Pakuwon Indah;162.00;220.00;5;4;2.00;3600000000;3500000000;0;Belum;Hak Guna Bangunan (HGB);Barat;Standard;> 2 Mobil;No;5 - 10 Tahun;Yes;Yes;7 bulan;No;No;No;Yes;No;No;Yes;No;No
;Standard;Bukit Palma;120.00;150.00;4;3;2.00;1800000000;1690000000;1670000000;Belum;Pengikatan Perjanjian Jual Beli (PPJB);Selatan;Standard;> 2 Mobil;No;;Yes;No;;;;;;;;;;
;Standard;Bukit Palma;105.00;140.00;3;3;2.00;1500000000;1390000000;1350000000;Belum;Hak Milik (SHM);Selatan;Standard;> 2 Mobil;No;;Yes;No;;;;;;;;;;
;Premium;Royal Residence;230.00;280.00;3;3;2.00;4500000000;3300000000;3200000000;Belum;Hak Guna Bangunan (HGB);Selatan;Standard;1-2 Mobil;Yes;;Yes;No;;;Yes;;Yes;;;;;
;Premium;Royal Park Citraland;210.00;280.00;3;3;2.00;4500000000;3850000000;3800000000;Belum;Hak Milik (SHM);Timur;Standard;> 2 Mobil;No;;Yes;Yes;;;;;Yes;;;;;
;Standard;Cipunegara;258.00;258.00;3;3;1.00;4500000000;3000000000;2900000000;Belum;Hak Milik (SHM);Utara;Tusuk Sate;1-2 Mobil;Yes;;No;No;;;;;Yes;;;;;
;Standard;Darmo Permai;225.00;200.00;3;2;1.00;2500000000;1775000000;1700000000;Terjual;Hak Milik (SHM);Selatan;Standard;1-2 Mobil;Yes;;Yes;No;;;;;;;;;;
;Premium;Royal Residence;171.00;155.00;3;3;2.00;4000000000;2950000000;2950000000;Terjual;Hak Milik (SHM);Selatan;Standard;> 2 Mobil;Yes;;Yes;No;;;Yes;;;;;;;
;Premium;Stamford Citraland;171.00;245.00;4;3;2.00;3500000000;3000000000;3000000000;Belum;Hak Milik (SHM);Timur;Standard;1-2 Mobil;Yes;;Yes;Yes;;Yes;;;;;;;;
;Premium;Stamford Citraland;171.00;219.00;4;3;2.00;3500000000;3500000000;3400000000;Belum;Hak Guna Bangunan (HGB);Utara;Standard;1-2 Mobil;No;;Yes;No;;Yes;;;;;;;;
;Premium;Royal Residence;300.00;250.00;3;3;2.00;5000000000;4800000000;4700000000;Belum;Hak Guna Bangunan (HGB);Timur;Tikungan/Hook;1-2 Mobil;No;;Yes;No;;;;;;;;;;
;Premium;Wisata Bukit Mas 1;240.00;280.00;4;3;2.00;4200000000;3900000000;3850000000;Terjual;Hak Milik (SHM);Utara;Standard;1-2 Mobil;No;;Yes;No;;;;;Yes;;;;;
;Premium;Wisata Bukit Mas 2;240.00;360.00;4;3;2.00;4000000000;3500000000;3450000000;Terjual;Hak Guna Bangunan (HGB);Utara;Standard;1-2 Mobil;Yes;;Yes;No;;;;;Yes;;;;;
;Premium;Greenlake Citraland;200.00;258.00;4;3;2.00;3500000000;3750000000;3700000000;Belum;Pengikatan Perjanjian Jual Beli (PPJB);Utara;Standard;1-2 Mobil;No;;Yes;No;;;;;Yes;;;;;
;Premium;Royal Park Citraland;150.00;192.00;3;2;2.00;3500000000;3500000000;3400000000;Belum;Hak Guna Bangunan (HGB);Utara;Standard;> 2 Mobil;No;;Yes;No;;;;;Yes;;;;;
;Premium;Royal Park Citraland;426.00;350.00;4;3;2.00;7500000000;7500000000;7300000000;Belum;Hak Guna Bangunan (HGB);Selatan;Standard;> 2 Mobil;No;;Yes;No;;;;;Yes;;;;;
;Premium;Royal Park Citraland;375.00;500.00;3;3;2.00;5000000000;6000000000;5700000000;Belum;Hak Guna Bangunan (HGB);Timur;Tusuk Sate;> 2 Mobil;No;;Yes;Yes;;;;;Yes;;;;;
;Premium;Royal Park Citraland;150.00;180.00;4;4;3.00;4500000000;4900000000;4800000000;Terjual;Hak Guna Bangunan (HGB);Utara;Standard;> 2 Mobil;No;;Yes;No;;;;;Yes;;;;;
;Premium;Royal Park Citraland;180.00;280.00;4;3;2.00;4000000000;4300000000;4000000000;Belum;Hak Guna Bangunan (HGB);Utara;Standard;> 2 Mobil;No;;No;No;;;;;Yes;;;;;
;Premium;Royal Park Citraland;210.00;280.00;3;3;2.00;4000000000;4000000000;3850000000;Belum;Hak Guna Bangunan (HGB);Utara;Standard;> 2 Mobil;No;;Yes;No;;;;;Yes;;;;;
;Standard;Alam Hijau Citraland;105.00;154.00;4;4;2.00;2000000000;2375000000;2300000000;Belum;Hak Milik (SHM);Selatan;Standard;1-2 Mobil;No;;Yes;No;;;;;;;;;;
;Standard;Bukit Palma;120.00;176.00;4;3;2.00;2300000000;2150000000;2000000000;Terjual;Hak Guna Bangunan (HGB);Selatan;Standard;1-2 Mobil;No;;Yes;No;;;;;;;;;;
;Premium;Royal Residence;176.00;200.00;4;3;2.00;4000000000;3600000000;3500000000;Terjual;Pengikatan Perjanjian Jual Beli (PPJB);Selatan;Tusuk Sate;> 2 Mobil;No;;Yes;No;;;;;;;;;;
;Standard;Ploso Timur;150.00;128.00;3;2;1.00;1500000000;1450000000;1400000000;Belum;Hak Milik (SHM);Barat;Standard;1-2 Mobil;Yes;;Yes;No;;Yes;Yes;Yes;;;;;;
;Premium;Mulyosari;180.00;300.00;4;5;2.00;3500000000;3450000000;3400000000;Belum;Hak Milik (SHM);Selatan;Standard;> 2 Mobil;No;;Yes;No;;;;;Yes;;;;;
;Standard;Lebak;84.00;150.00;3;2;2.00;1500000000;1600000000;1500000000;Belum;Hak Milik (SHM);Selatan;Standard;1-2 Mobil;Yes;;Yes;No;;Yes;;Yes;;;;;;
;Below Standard;Ploso Timur;104.00;98.00;3;2;1.00;1000000000;890000000;860000000;Terjual;Hak Milik (SHM);Utara;Standard;1-2 Mobil;No;;Yes;No;;Yes;;Yes;;;;;;
;Below Standard;Ploso Timur;64.00;70.00;2;2;2.00;750000000;685000000;680000000;Terjual;Hak Milik (SHM);Utara;Standard;1-2 Mobil;Yes;;Yes;No;;Yes;;Yes;;;;;;
;Standard;Mulyosari;180.00;250.00;3;4;2.00;3000000000;2800000000;2700000000;Belum;Hak Milik (SHM);Utara;Standard;1-2 Mobil;No;;Yes;No;;;;Yes;Yes;;;;;
;Premium;Nirwana Excecutive;198.00;250.00;5;5;2.00;3500000000;3600000000;3500000000;Belum;Hak Milik (SHM);Utara;Standard;1-2 Mobil;No;;Yes;No;;;;;;;;;;
;Standard;Mulyosari;84.00;120.00;3;2;2.00;1500000000;1400000000;1350000000;Terjual;Hak Milik (SHM);Utara;Standard;1-2 Mobil;No;;Yes;No;;;;;Yes;;;;;
;Standard;Sutorejo;80.00;125.00;3;2;2.00;1500000000;1450000000;1400000000;Belum;Hak Milik (SHM);Selatan;Standard;1-2 Mobil;No;;Yes;No;;;;;Yes;;;;;
;Premium;Greenlake Citraland;240.00;280.00;5;4;2.00;5500000000;5500000000;5400000000;Belum;Hak Milik (SHM);Selatan;Standard;1-2 Mobil;No;;Yes;Yes;;;;;Yes;;;;;
;Premium;Woodland Citraland;162.00;170.00;3;2;2.00;3200000000;2750000000;2700000000;Terjual;Hak Guna Bangunan (HGB);Utara;Standard;1-2 Mobil;Yes;;Yes;No;;Yes;;;;;;;;
;Premium;Woodland Citraland;180.00;130.00;3;2;1.00;2800000000;2600000000;2500000000;Belum;Hak Guna Bangunan (HGB);Selatan;Standard;1-2 Mobil;No;;Yes;No;;Yes;;;;;;;;
;Premium;Wisata Bukit Mas 1;240.00;288.00;4;4;2.00;3500000000;3800000000;3700000000;Belum;Hak Milik (SHM);Selatan;Standard;1-2 Mobil;No;;Yes;No;;;;;;;;;;
;Premium;Wisata Bukit Mas 2;240.00;271.00;4;4;2.00;5500000000;4500000000;4400000000;Terjual;Hak Guna Bangunan (HGB);Selatan;Standard;> 2 Mobil;Yes;;Yes;No;;;;;;;;;;
;Premium;Wisata Bukit Mas 2;240.00;319.00;4;5;2.00;4500000000;4700000000;4500000000;Belum;Hak Milik (SHM);Utara;Standard;1-2 Mobil;No;;Yes;No;;;;;;;;;;
;Premium;Wisata Bukit Mas 2;240.00;288.00;4;4;2.00;4200000000;3800000000;3700000000;Belum;Hak Milik (SHM);Utara;Standard;1-2 Mobil;No;;Yes;No;;;;;;;;;;
;Premium;Wisata Bukit Mas 2;240.00;186.00;4;3;2.00;4000000000;4650000000;4500000000;Belum;Hak Milik (SHM);Utara;Standard;1-2 Mobil;No;;Yes;No;;;;;;;;;;
;Premium;Royal Residence;240.00;200.00;3;2;2.00;5000000000;3750000000;3750000000;Belum;Hak Guna Bangunan (HGB);Timur;Standard;1-2 Mobil;Yes;;No;No;;;;;;;;;;
;Premium;Royal Residence;200.00;245.00;3;3;2.00;3800000000;3600000000;3500000000;Belum;Hak Milik (SHM);Selatan;Standard;1-2 Mobil;No;;Yes;No;;;;;;;;;;
;Standard;Darmo Indah;180.00;184.00;3;2;1.00;2000000000;1500000000;1500000000;Terjual;Hak Milik (SHM);Selatan;Standard;1-2 Mobil;No;> 10 Tahun;No;No;;;;Yes;Yes;;;;;
;Standard;Darmo Baru;162.00;125.00;3;1;1.00;2000000000;1650000000;1500000000;Terjual;Hak Milik (SHM);Utara;Standard;1-2 Mobil;No;> 10 Tahun;No;No;;;;;;;;;;
;Standard;Alam Hijau Citraland;210.00;290.00;5;4;2.00;2800000000;3100000000;3000000000;Belum;Hak Milik (SHM);Timur;Tikungan/Hook;1-2 Mobil;No;;Yes;No;;;;;;;;;;
;Standard;Bukit palma;84.00;56.00;2;1;1.00;950000000;800000000;750000000;Terjual;Hak Guna Bangunan (HGB);Selatan;Standard;1-2 Mobil;;;Yes;No;6;Yes;;;;;;;;
;Standard;Bukit palma;180.00;198.00;7;5;2.00;2000000000;1775000000;1550000000;Terjual;Pengikatan Perjanjian Jual Beli (PPJB);Selatan;Tikungan/Hook;1-2 Mobil;Yes;;Yes;No;2;Yes;;;;;;;;
;Standard;Sutorejo tengah;60.00;100.00;3;2;2.00;1400000000;1350000000;1275000000;Terjual;Hak Milik (SHM);Timur;Standard;1-2 Mobil;;1 - 4 Tahun;Yes;No;6;;Yes;;;;;;;
;Standard;Babatan pantai;126.00;220.00;4;4;2.00;2500000000;2500000000;2150000000;Terjual;Hak Milik (SHM);Barat;Tusuk Sate;> 2 Mobil;;5 - 10 Tahun;Yes;Yes;8;;;;;;;;;
;Standard;komplek ruko kenjeran;54.00;138.00;2;3;3.00;2000000000;2200000000;1750000000;Terjual;Hak Guna Bangunan (HGB);Timur;Standard;> 2 Mobil;Yes;5 - 10 Tahun;No;No;3;;;;;;;;Yes;
;Standard;Sutorejo Prima;135.00;120.00;4;3;1.50;1800000000;1600000000;1500000000;Terjual;Hak Milik (SHM);Timur;Standard;1-2 Mobil;;5 - 10 Tahun;Yes;No;4;;;;;;;;;
;Standard;Kutisari Indah;300.00;250.00;6;4;2.00;2900000000;2300000000;0;Belum;Hak Milik (SHM);Timur;Standard;> 2 Mobil;No;> 10 Tahun;No;No;8;;Yes;;;;;;;
;Standard;Babatan Pratama;96.00;84.00;3;2;1.00;1500000000;1500000000;1350000000;Terjual;Hak Milik (SHM);Selatan;Standard;1-2 Mobil;;1 - 4 Tahun;Yes;No;5;;;;;;;;;
;Standard;Graha Family;210.00;250.00;5;4;2.00;4500000000;4350000000;4200000000;Terjual;Hak Milik (SHM);Selatan;Standard;> 2 Mobil;;5 - 10 Tahun;Yes;No;6;;;;;;;;;
;Standard;Lebak Arum;240.00;225.00;5;5;1.50;2000000000;2400000000;0;Belum;Hak Milik (SHM);Timur;Standard;1-2 Mobil;No;> 10 Tahun;No;No;15;;Yes;;;;;;;
;Standard;Lebak Arum;115.00;120.00;4;4;2.00;1500000000;1500000000;1375000000;Terjual;Hak Milik (SHM);Utara;Standard;> 2 Mobil;;1 - 4 Tahun;Yes;No;7;;Yes;;;;;;;
;Standard;Kertajaya Indah;355.00;300.00;4;3;1.50;6500000000;6250000000;0;Belum;Hak Milik (SHM);Utara;Standard;> 2 Mobil;;5 - 10 Tahun;Yes;No;8;;;;;;;;;
;Standard;lebak arum;200.00;300.00;5;3;2.00;1800000000;2100000000;0;Belum;Hak Milik (SHM);Utara;Standard;> 2 Mobil;;5 - 10 Tahun;Yes;No;5;;Yes;;;;;;;
;Standard;Gading Pantai, kenjeran;360.00;275.00;4;3;1.00;3500000000;3100000000;0;Belum;Hak Milik (SHM);Barat;Tusuk Sate;> 2 Mobil;;5 - 10 Tahun;No;No;18;;;;;;;;;
;Standard;North West Park, Citraland Utara;72.00;36.00;1;1;1.00;750000000;750000000;750000000;Terjual;Pengikatan Perjanjian Jual Beli (PPJB);Barat;Standard;> 2 Mobil;No;1 - 4 Tahun;Yes;No;;;;;;;;;;
;Standard;Pondok Maritim Indah, Wiyung;101.00;90.00;2;1;1.00;739000000;739000000;700000000;Terjual;Hak Milik (SHM);Selatan;Standard;1-2 Mobil;No;5 - 10 Tahun;Yes;No;1 tahun;;;;;;;;;
;Standard;Sukodono Town House, Sidoarjo;90.00;62.00;2;1;1.00;445000000;445000000;400000000;Terjual;Hak Guna Bangunan (HGB);Utara;Standard;1-2 Mobil;No;1 - 4 Tahun;Yes;No;1 tahun;;;;;;;;;
;Standard;Ploso Timur;54.00;54.00;2;2;2.00;790000000;790000000;750000000;Terjual;Hak Milik (SHM);Barat;Standard;1-2 Mobil;No;1 - 4 Tahun;Yes;No;1 tahun;;;;;;;;;
;Standard;Menteng Regency, Lakarsantri;70.00;53.00;2;1;1.00;460000000;460000000;460000000;Terjual;Hak Milik (SHM);Selatan;Standard;1-2 Mobil;No;1 - 4 Tahun;Yes;No;1 tahun;;;;;;;;;
;Standard;Grand Delta Sari;91.00;91.00;2;1;1.00;675000000;675000000;650000000;Terjual;Hak Guna Bangunan (HGB);Selatan;Standard;1-2 Mobil;No;5 - 10 Tahun;Yes;No;2 tahun;;;;;;;;;
;Standard;Kali Kepiting Jaya;72.00;72.00;2;1;1.00;420000000;420000000;420000000;Terjual;Hak Milik (SHM);Barat;Standard;1-2 Mobil;No;5 - 10 Tahun;Yes;No;2 tahun;;;;;;;;;
;Standard;Darmo Indah Selatan;144.00;170.00;4;3;2.00;1675000000;1675000000;1500000000;Terjual;Hak Milik (SHM);Utara;Standard;1-2 Mobil;No;1 - 4 Tahun;Yes;No;2 tahun;;;;;;;;;
;Sangat Premium;Karangmenjangan;239.00;379.00;3;3;2.00;5000000000;5000000000;4750000000;Terjual;Hak Guna Bangunan (HGB);Timur;Standard;> 2 Mobil;No;5 - 10 Tahun;Yes;No;2 tahun;;;;;;;;;
;Standard;Kerangan;200.00;200.00;3;1;1.00;775000000;775000000;725000000;Terjual;Hak Milik (SHM);Barat;Standard;1-2 Mobil;No;5 - 10 Tahun;Yes;No;2 tahun;;;;;;;;;
;Standard;Citra Harmoni;244.00;244.00;5;3;2.00;1500000000;1500000000;1300000000;Terjual;Hak Guna Bangunan (HGB);Timur;Standard;> 2 Mobil;No;1 - 4 Tahun;Yes;No;2 tahun;;Yes;;;Yes;;;;
;Standard;Green Semangi;72.00;72.00;2;1;1.00;650000000;650000000;650000000;Terjual;Hak Milik (SHM);Selatan;Standard;1-2 Mobil;No;1 - 4 Tahun;Yes;No;2 tahun;;;;;;;;;
;Standard;Bumi Marina Mas Barat ;40.00;40.00;2;1;1.00;635000000;635000000;600000000;Terjual;Hak Milik (SHM);Timur;Standard;1-2 Mobil;No;1 - 4 Tahun;Yes;No;2 tahun;;;;;;;;;
;Below Standard;Green Menganti Regency;42.00;72.00;2;1;2.00;375000000;375000000;370000000;Terjual;Hak Milik (SHM);Utara;Standard;1-2 Mobil;No;1 - 4 Tahun;Yes;No;2 tahun;;;;;;;;;
;Premium;San Antonio Pakuwon City;120.00;140.00;4;3;2.00;2350000000;2350000000;2300000000;Terjual;Hak Milik (SHM);Utara;Standard;> 2 Mobil;No;1 - 4 Tahun;Yes;No;2 tahun;Yes;Yes;;Yes;Yes;;;;
;Standard;Maharaja Residence Menganti;60.00;32.00;2;1;1.00;300000000;300000000;300000000;Terjual;Hak Guna Bangunan (HGB);Utara;Standard;1-2 Mobil;No;1 - 4 Tahun;Yes;No;2 tahun;;;;;;;;;
;Standard;Rungkut Mapan Tengah;96.00;80.00;2;1;1.00;1000000000;1000000000;950000000;Terjual;Hak Milik (SHM);Utara;Standard;1-2 Mobil;No;5 - 10 Tahun;Yes;No;3 tahun;;;;;;;;;
;Standard;Medayu Selatan ;46.00;90.00;3;2;2.00;780000000;780000000;0;Belum;Hak Milik (SHM);Utara;Standard;1-2 Mobil;No;1 - 4 Tahun;No;No;1 tahun;;Yes;;;;;;;
;Standard;Keputih Tegal;84.00;84.00;3;1;1.00;750000000;750000000;0;Belum;Hak Milik (SHM);Selatan;Cul De Sac/Ujung Gang Buntu;1-2 Mobil;No;5 - 10 Tahun;Yes;No;<1 tahun;;;;;;Yes;;;
;Standard;Wiguna Tengah;60.00;50.00;2;1;1.00;775000000;775000000;0;Belum;Hak Milik (SHM);Selatan;Standard;1-2 Mobil;No;1 - 4 Tahun;No;No;< 1 tahun;;;;;;;;;
;Standard;Amerta Residence;84.00;100.00;2;1;2.00;1150000000;1150000000;0;Belum;Hak Milik (SHM);Utara;Standard;1-2 Mobil;No;5 - 10 Tahun;Yes;No;1 tahun;;;;;;;;;
;Standard;Swan Menganti Mas Regency;90.00;36.00;2;1;1.00;425000000;425000000;0;Belum;Hak Milik (SHM);Utara;Standard;1-2 Mobil;No;5 - 10 Tahun;No;No;2 tahun;;;;;;;;;
;Premium;Royal Residence;50.00;95.00;3;2;3.00;1500000000;1500000000;0;Belum;Hak Guna Bangunan (HGB);Utara;Standard;> 2 Mobil;No;1 - 4 Tahun;Yes;No;2 tahun;;;;;;;;;
;Standard;Rungkut Asri;75.00;120.00;3;3;2.00;1400000000;1400000000;0;Belum;Hak Milik (SHM);Utara;Standard;1-2 Mobil;No;1 - 4 Tahun;No;No;<1 tahun;Yes;Yes;;;Yes;;;;
;Standard;Rungkut Asri;75.00;120.00;3;3;2.00;1400000000;1400000000;0;Belum;Hak Milik (SHM);Timur;Standard;1-2 Mobil;No;1 - 4 Tahun;No;No;<1 tahun;Yes;Yes;;;Yes;;;;
;Standard;Rungkut Asri;75.00;120.00;3;3;2.00;1400000000;1400000000;0;Belum;Hak Milik (SHM);Utara;Tikungan/Hook;1-2 Mobil;No;1 - 4 Tahun;No;No;<1 tahun;Yes;Yes;;;Yes;;;;
;Standard;Rungkut Asri;75.00;120.00;4;3;2.00;1400000000;1400000000;0;Belum;Hak Milik (SHM);Timur;Standard;1-2 Mobil;No;1 - 4 Tahun;No;No;<1 tahun;Yes;Yes;;;Yes;;;;
;Standard;Gayungsari Barat;94.00;150.00;5;4;2.00;2200000000;2200000000;0;Belum;Hak Milik (SHM);Timur;Standard;> 2 Mobil;No;1 - 4 Tahun;Yes;No;<1 tahun;;;;;;;;;
;Standard;Gayungsari Barat;95.00;150.00;5;4;2.00;2200000000;2200000000;0;Belum;Hak Milik (SHM);Selatan;Standard;> 2 Mobil;No;1 - 4 Tahun;Yes;No;<1 tahun;;;;;;;;;
;Standard;Gayungsari Barat;92.00;150.00;5;4;2.00;2200000000;2200000000;2200000000;Terjual;Hak Milik (SHM);Selatan;Tikungan/Hook;> 2 Mobil;No;1 - 4 Tahun;Yes;No;<1 tahun;;;;;;;;;
;Standard;Kutisari Utara;77.00;120.00;4;3;2.00;1350000000;1350000000;1350000000;Terjual;Hak Milik (SHM);Timur;Tikungan/Hook;> 2 Mobil;No;1 - 4 Tahun;Yes;No;<1 tahun;Yes;Yes;;;Yes;;;;Yes
;Standard;Kutisari Utara;75.00;120.00;3;3;2.00;1350000000;1350000000;0;Belum;Hak Milik (SHM);Timur;Standard;> 2 Mobil;No;1 - 4 Tahun;Yes;No;<1 tahun;Yes;Yes;;;Yes;;;;
;Standard;Kutisari Utara;74.00;120.00;4;4;2.00;1350000000;1350000000;0;Belum;Hak Milik (SHM);Utara;Standard;> 2 Mobil;No;1 - 4 Tahun;Yes;No;<1 tahun;Yes;Yes;;;Yes;;;;
;Standard;Kutisari Utara;78.00;120.00;3;3;2.00;1350000000;1350000000;0;Belum;Hak Milik (SHM);Utara;Standard;> 2 Mobil;No;1 - 4 Tahun;Yes;No;<1 tahun;Yes;Yes;;;Yes;;;;
;Standard;Kutisari Utara;78.00;120.00;4;4;2.00;1350000000;1350000000;0;Belum;Hak Milik (SHM);Utara;Standard;> 2 Mobil;No;1 - 4 Tahun;Yes;No;<1 tahun;Yes;Yes;;;Yes;;;;
;Standard;Rungkut Asri Tengah;100.00;75.00;3;2;2.00;1450000000;1450000000;0;Belum;Hak Milik (SHM);Utara;Standard;1-2 Mobil;No;1 - 4 Tahun;No;No;< 1 tahun;;;;;;;;;Yes
;Premium;Citraland;347.00;500.00;5;5;2.00;8500000000;8500000000;0;Belum;Hak Milik (SHM);Barat;Standard;> 2 Mobil;No;1 - 4 Tahun;Yes;No;1 tahun;;;;;;;;;
;Premium;Ngagel Jaya Selatan;300.00;1050.00;8;8;3.50;15000000000;15000000000;0;Belum;Surat Hijau;Selatan;Standard;> 2 Mobil;No;5 - 10 Tahun;Yes;No;1 tahun;;;;;Yes;;;;Yes
;Standard;Darmahusada Indah;450.00;300.00;4;3;1.00;7700000000;7700000000;0;Belum;Hak Milik (SHM);Timur;Standard;> 2 Mobil;No;5 - 10 Tahun;Yes;No;1 tahun;;Yes;;;Yes;;;;Yes
;Premium;Kertajaya Indah Tengah;450.00;500.00;8;4;2.00;12500000000;12500000000;0;Belum;Hak Milik (SHM);Utara;Standard;> 2 Mobil;No;5 - 10 Tahun;Yes;No;1 tahun;;;;;;;;;
;Standard;Pancawarna Gresik;90.00;225.00;12;12;3.00;800000000;800000000;0;Belum;Hak Milik (SHM);Utara;Standard;1-2 Mobil;Yes;1 - 4 Tahun;Yes;No;1 tahun;;;;;;;;;
;Standard;Mutiara Driyorejo KotaBaru;153.00;153.00;4;2;1.00;900000000;900000000;0;Belum;Hak Milik (SHM);Selatan;Standard;1-2 Mobil;Yes;1 - 4 Tahun;Yes;No;1 tahun;;;;Yes;;;;;
;Premium;Kertajaya Indah Tengah;735.00;520.00;6;6;2.00;29000000000;29000000000;0;Belum;Hak Milik (SHM);Barat;Standard;> 2 Mobil;No;5 - 10 Tahun;Yes;No;1 tahun;;;;;;;;;
;Standard;Kutisari Utara;55.00;110.00;3;2;2.00;875000000;875000000;0;Belum;Hak Milik (SHM);Timur;Standard;1-2 Mobil;No;1 - 4 Tahun;Yes;No;< 1 tahun;Yes;Yes;;;Yes;;;;Yes
;Standard;WIguna Selatan;120.00;210.00;3;2;2.00;1600000000;1600000000;0;Belum;Hak Milik (SHM);Utara;Standard;1-2 Mobil;No;1 - 4 Tahun;Yes;No;1 tahun;;;;;;;;;
;Premium;Pantai Mentari;250.00;300.00;5;4;2.00;3450000000;3450000000;0;Belum;Hak Milik (SHM);Timur;Standard;> 2 Mobil;No;5 - 10 Tahun;Yes;No;2 tahun;;;;;;;;;
;Standard;Mulyosari Mas;72.00;110.00;3;3;2.00;1650000000;1650000000;0;Belum;Hak Milik (SHM);Utara;Standard;> 2 Mobil;No;1 - 4 Tahun;No;No;< 1 tahun;;;;;;;;;Yes
;Standard;Manyar Tirtoasri Tompotika;112.50;150.00;5;4;2.00;2400000000;2400000000;0;Belum;Hak Milik (SHM);Selatan;Tikungan/Hook;1-2 Mobil;No;1 - 4 Tahun;No;No;<1 tahun;Yes;Yes;;;Yes;;;;
;Standard;Manyar Tirtoasri Tompotika;105.00;150.00;5;4;2.00;2400000000;2400000000;0;Belum;Hak Milik (SHM);Selatan;Standard;1-2 Mobil;No;1 - 4 Tahun;No;No;< 1 tahun;No;Yes;;;Yes;;;;
;Standard;Sutorejo Selatan;120.00;200.00;4;3;2.00;2350000000;2350000000;0;Belum;Hak Milik (SHM);Timur;Standard;1-2 Mobil;Yes;1 - 4 Tahun;Yes;No;1 tahun;;;;;;;;;
;Premium;Florence Laguna Pakuwon City;128.00;120.00;4;4;2.00;3600000000;3600000000;0;Belum;Pengikatan Perjanjian Jual Beli (PPJB);Utara;Standard;> 2 Mobil;No;1 - 4 Tahun;Yes;Yes;1 tahun;Yes;Yes;;Yes;Yes;;;;
;Premium;Wisata Bukit Mas;264.00;330.00;5;4;2.00;4750000000;4750000000;0;Belum;Hak Milik (SHM);Selatan;Standard;> 2 Mobil;No;1 - 4 Tahun;Yes;No;< 1 tahun;Yes;;;Yes;Yes;;;;
;Standard;Citra Harmoni;90.00;75.00;2;1;1.00;820000000;820000000;0;Belum;Hak Guna Bangunan (HGB);Selatan;Standard;1-2 Mobil;No;1 - 4 Tahun;Yes;No;< 1 tahun;;;;;;;;;
;Standard;Citra Harmoni;96.00;150.00;3;2;2.00;1000000000;1000000000;0;Belum;Hak Milik (SHM);Selatan;Standard;1-2 Mobil;No;1 - 4 Tahun;Yes;No;< 1 tahun;;;;;;;;;
;Standard;Citra Harmoni;105.00;40.00;2;1;1.00;1200000000;1200000000;0;Belum;Hak Milik (SHM);Utara;Standard;1-2 Mobil;No;1 - 4 Tahun;Yes;No;< 1 tahun;;;;;;;;;
;Standard;Citra Harmoni;120.00;160.00;4;3;2.00;1300000000;1300000000;0;Belum;Hak Milik (SHM);Selatan;Standard;1-2 Mobil;No;1 - 4 Tahun;Yes;No;< 1 tahun;;;;;;;;;
;Standard;Citra Harmoni;72.00;39.00;2;1;1.00;655000000;655000000;0;Belum;Pengikatan Perjanjian Jual Beli (PPJB);Selatan;Standard;1-2 Mobil;No;1 - 4 Tahun;Yes;No;< 1 tahun;;;;;;;;;
;Standard;Citra Harmoni;126.00;180.00;4;2;1.50;1200000000;1200000000;0;Belum;Hak Guna Bangunan (HGB);Selatan;Standard;1-2 Mobil;No;1 - 4 Tahun;Yes;Yes;< 1 tahun;;;;;;;;;
;Standard;Citra Harmoni;120.00;72.00;2;1;1.00;900000000;900000000;0;Belum;Hak Guna Bangunan (HGB);Utara;Standard;1-2 Mobil;No;1 - 4 Tahun;Yes;No;< 1 tahun;;;;;;;;;
;Standard;Manyar Tirtoyoso Selatan Tompotika;121.00;165.00;5;4;2.00;2600000000;2600000000;0;Belum;Hak Milik (SHM);Selatan;Standard;> 2 Mobil;No;1 - 4 Tahun;Yes;No;< 1 tahun;Yes;Yes;;;Yes;;;;
;Standard;Manyar Tirtoyoso Selatan Tompotika;116.00;155.00;4;4;2.00;2600000000;2600000000;0;Belum;Hak Milik (SHM);Selatan;Tikungan/Hook;> 2 Mobil;No;1 - 4 Tahun;Yes;No;<1 tahun;Yes;Yes;;;Yes;;;;
;Standard;Manyar Tirtoasri Tompotika;70.00;120.00;4;4;2.00;1600000000;1600000000;0;Belum;Hak Milik (SHM);Utara;Standard;1-2 Mobil;No;1 - 4 Tahun;Yes;No;< 1tahun;Yes;Yes;;;Yes;;;;
;Standard;Manyar Tirtoyoso Tompotika;240.00;330.00;5;4;2.00;5300000000;5300000000;0;Belum;Hak Milik (SHM);Utara;Standard;> 2 Mobil;No;1 - 4 Tahun;Yes;No;< 1 tahun;Yes;Yes;;;Yes;;;;
;Standard;Nirwana Eksekutif;69.00;70.00;2;3;2.00;1300000000;1300000000;1300000000;Terjual;Hak Milik (SHM);Timur;Standard;> 2 Mobil;No;1 - 4 Tahun;Yes;No;1 tahun;;;;;;;Yes;;
;Standard;Jemursari;35.00;70.00;2;2;2.00;850000000;850000000;850000000;Terjual;Hak Milik (SHM);Barat;Standard;1-2 Mobil;No;1 - 4 Tahun;Yes;No;1 tahun;;;;;;;;;Yes
;Standard;Wonorungkut Utara;60.00;90.00;3;2;2.00;1050000000;1050000000;1050000000;Terjual;Hak Milik (SHM);Selatan;Standard;> 2 Mobil;No;1 - 4 Tahun;Yes;No;1 tahun;;;;;;;;;
;Standard;Wonorungkut Utara;76.00;115.00;4;4;2.00;1150000000;1150000000;1150000000;Terjual;Hak Milik (SHM);Utara;Standard;> 2 Mobil;No;1 - 4 Tahun;Yes;No;2 tahun;;;;;;;;;
;Standard;Wonorungkut Utara;70.00;110.00;4;4;2.00;1150000000;1150000000;1150000000;Terjual;Hak Milik (SHM);Utara;Standard;> 2 Mobil;No;1 - 4 Tahun;Yes;No;3 tahun;;;;;;;;;
;Standard;Duku Pondok Tjandra Indah;66.00;110.00;3;3;2.00;1000000000;1000000000;1000000000;Terjual;Hak Milik (SHM);Utara;Tikungan/Hook;> 2 Mobil;No;1 - 4 Tahun;Yes;No;2 tahun;;;;;;;;;
;Standard;Nirwana Eksekutif;87.00;120.00;4;4;2.00;1600000000;1600000000;0;Belum;Hak Milik (SHM);Utara;Standard;> 2 Mobil;No;1 - 4 Tahun;Yes;No;2 tahun;;;;;Yes;;;;
;Standard;Klampis Anom Wisma Mukti;296.00;244.00;5;4;2.00;3900000000;3900000000;0;Belum;Hak Milik (SHM);Selatan;Tikungan/Hook;> 2 Mobil;No;5 - 10 Tahun;Yes;No;2 tahun;Yes;Yes;;;Yes;;;;
;Premium;Grand Island Pakuwon City;60.00;70.00;2;2;2.00;1900000000;1900000000;0;Belum;Hak Guna Bangunan (HGB);Selatan;Standard;> 2 Mobil;No;1 - 4 Tahun;Yes;No;2 tahun;Yes;Yes;;Yes;Yes;;;;
;Standard;Gading Kirana Sidoarjo;112.00;112.00;3;4;2.00;750000000;750000000;0;Belum;Hak Guna Bangunan (HGB);Selatan;Standard;1-2 Mobil;No;1 - 4 Tahun;Yes;No;2 tahun;;;;;;;;;
;Standard;Wonorejo Selatan;100.00;150.00;3;1;1.50;675000000;675000000;0;Belum;Hak Milik (SHM);Barat;Standard;1-2 Mobil;Yes;5 - 10 Tahun;Yes;No;< 1 tahun;;;;;;;;;
;Standard;Manyar Tirtoasri Tompotika;108.00;144.00;4;3;2.00;2650000000;2650000000;0;Belum;Hak Milik (SHM);Selatan;Standard;> 2 Mobil;No;1 - 4 Tahun;Yes;No;< 1 tahun;Yes;Yes;;;Yes;;;;
;Standard;Manyar Tirtoasri Tompotika;145.00;230.00;5;4;2.00;4000000000;4000000000;0;Belum;Hak Milik (SHM);Utara;Standard;> 2 Mobil;No;1 - 4 Tahun;Yes;No;< 1tahun;Yes;Yes;;;Yes;;;;
;Standard;Manyar Jaya;162.00;220.00;5;5;2.00;3750000000;3750000000;0;Belum;Hak Milik (SHM);Selatan;Standard;> 2 Mobil;No;1 - 4 Tahun;Yes;No;1 tahun;Yes;Yes;;;Yes;;;;
;Standard;Manyar Tirtomoyo Tompotika;240.00;200.00;3;3;1.00;3850000000;3850000000;0;Belum;Hak Milik (SHM);Barat;Standard;> 2 Mobil;No;5 - 10 Tahun;Yes;Yes;2 tahun;Yes;Yes;;;Yes;;;;
;Standard;Manyar Rejo;120.00;190.00;4;4;2.00;2650000000;2650000000;0;Belum;Hak Milik (SHM);Selatan;Standard;> 2 Mobil;No;5 - 10 Tahun;Yes;No;< 1tahun;Yes;Yes;;;Yes;;;;
;Standard;Manyar Rejo;395.00;400.00;7;5;1.50;5250000000;5250000000;0;Belum;Hak Milik (SHM);Utara;Standard;> 2 Mobil;No;5 - 10 Tahun;Yes;No;1 tahun;Yes;Yes;;;Yes;;;;
;Standard;Manyar Indah;252.00;180.00;4;3;1.00;2850000000;2850000000;0;Belum;Hak Milik (SHM);Barat;Tikungan/Hook;> 2 Mobil;No;5 - 10 Tahun;Yes;No;< 1 tahun;Yes;Yes;;;Yes;;;;
;Standard;Manyar Indah;100.00;120.00;4;4;2.00;1950000000;1950000000;0;Belum;Hak Milik (SHM);Selatan;Standard;> 2 Mobil;No;1 - 4 Tahun;Yes;No;< 1 tahun;Yes;Yes;;;Yes;;;;
;Standard;Manyar Indah;193.00;240.00;5;4;2.00;2700000000;2700000000;0;Belum;Hak Milik (SHM);Utara;Tikungan/Hook;> 2 Mobil;No;1 - 4 Tahun;Yes;No;< 1 tahun;Yes;Yes;;;Yes;;;;
;Premium;Araya Galaxy Bumi Permai I;375.00;600.00;5;4;2.00;12000000000;12000000000;0;Belum;Hak Milik (SHM);Barat;Standard;> 2 Mobil;No;5 - 10 Tahun;Yes;No;< 1 tahun;Yes;Yes;Yes;;Yes;;Yes;;
;Premium;Araya Galaxy Bumi Permai I;798.00;1476.00;8;7;3.00;30000000000;30000000000;0;Belum;Hak Milik (SHM);Selatan;Standard;> 2 Mobil;No;5 - 10 Tahun;Yes;No;< 1 tahun;Yes;Yes;Yes;;Yes;;Yes;;
;Premium;Araya Galaxy Bumi Permai I;300.00;400.00;6;4;2.00;9500000000;9500000000;0;Belum;Hak Guna Bangunan (HGB);Utara;Standard;> 2 Mobil;No;5 - 10 Tahun;Yes;No;< 1 tahun;Yes;Yes;Yes;;Yes;;Yes;;
;Standard;Gunung Anyar;60.00;54.00;3;2;2.00;650000000;650000000;0;Belum;Hak Milik (SHM);Selatan;Standard;1-2 Mobil;No;1 - 4 Tahun;Yes;No;< 1 tahun;Yes;Yes;Yes;;Yes;;;;Yes
;Standard;Wisma Gunung Anyar;84.00;66.00;2;1;1.00;950000000;950000000;0;Belum;Hak Milik (SHM);Selatan;Standard;1-2 Mobil;No;5 - 10 Tahun;No;No;< 1 tahun;Yes;Yes;Yes;;Yes;;;;
;Standard;Taman Riviera Regency Gunung Anyar;120.00;77.00;3;2;1.00;1500000000;1500000000;0;Belum;Hak Guna Bangunan (HGB);Utara;Standard;1-2 Mobil;No;1 - 4 Tahun;Yes;No;< 1 tahun;;;;;Yes;;;;
;Standard;Puri Mas;96.00;120.00;3;2;2.00;1700000000;1700000000;0;Belum;Hak Milik (SHM);Selatan;Standard;1-2 Mobil;No;1 - 4 Tahun;Yes;No;< 1 tahun;Yes;Yes;;;Yes;;;;
;Standard;Puri Mas;128.00;70.00;2;1;1.00;1700000000;1700000000;0;Belum;Hak Guna Bangunan (HGB);Timur;Standard;1-2 Mobil;No;5 - 10 Tahun;Yes;No;< 1 tahun;Yes;Yes;;;Yes;;;;
;Standard;Puri Mas;230.00;120.00;4;2;1.00;4000000000;4000000000;0;Belum;Hak Guna Bangunan (HGB);Barat;Standard;1-2 Mobil;No;5 - 10 Tahun;Yes;No;< 1 tahun;Yes;Yes;;;Yes;;;;
;Premium;Kertajaya Indah Tengah;600.00;600.00;4;3;2.00;20000000000;20000000000;0;Belum;Hak Milik (SHM);Timur;Standard;> 2 Mobil;No;5 - 10 Tahun;Yes;Yes;2 tahun;;;;;;;;;Yes
;Standard;Bratang Gede;100.00;100.00;5;3;2.50;1800000000;1800000000;0;Belum;Surat Hijau;Utara;Standard;> 2 Mobil;No;5 - 10 Tahun;Yes;No;2 tahun;Yes;;;;Yes;;;;
;Standard;Taman Pinang Indah Sidoarjo;122.00;80.00;3;2;1.00;750000000;750000000;0;Belum;Hak Milik (SHM);Selatan;Standard;1-2 Mobil;No;5 - 10 Tahun;Yes;No;2 tahun;;;;;;;;;
;Standard;Puri Surya Jaya Gedangan Sidoarjo;120.00;85.00;3;1;1.00;950000000;950000000;0;Belum;Hak Milik (SHM);Utara;Standard;> 2 Mobil;No;5 - 10 Tahun;Yes;No;2 tahun;Yes;;;;;;;;
;Standard;Bukit Palma Citraland Utara;158.00;180.00;5;4;2.00;2200000000;2200000000;0;Belum;Pengikatan Perjanjian Jual Beli (PPJB);Selatan;Standard;1-2 Mobil;No;1 - 4 Tahun;Yes;No;2 tahun;;Yes;;;Yes;;;;
;Standard;Rambutan Tengah Pondok Tjandra Indah;224.00;224.00;6;3;2.00;2600000000;2600000000;0;Belum;Hak Milik (SHM);Barat;Standard;1-2 Mobil;No;5 - 10 Tahun;Yes;No;2 tahun;Yes;;;;Yes;;Yes;;
;Standard;Manyar Tirtoasri  Tompotika;90.00;126.00;4;4;2.00;2600000000;2600000000;0;Belum;Hak Milik (SHM);Selatan;Standard;1-2 Mobil;No;1 - 4 Tahun;Yes;No;2 tahun;Yes;Yes;;;Yes;;;;
;Premium;Araya Galaxy Bumi Permai I;157.00;182.00;5;4;2.00;3900000000;3900000000;0;Belum;Hak Milik (SHM);Selatan;Standard;> 2 Mobil;No;1 - 4 Tahun;Yes;No;1 tahun;Yes;Yes;;;Yes;;Yes;;
;Standard;Petemon Sidomulyo;150.00;208.00;3;2;2.00;2200000000;2200000000;0;Belum;Hak Milik (SHM);Utara;Standard;1-2 Mobil;No;5 - 10 Tahun;Yes;No;2 tahun;;;;;;;;;
;Premium;Araya Galaxy Bumi Permai I;176.00;218.00;5;4;2.00;4600000000;4600000000;0;Belum;Hak Milik (SHM);Selatan;Standard;> 2 Mobil;No;1 - 4 Tahun;Yes;No;<1 tahun;Yes;Yes;;;Yes;;Yes;;
;Premium;Darmahusada Indah Utara;180.00;118.00;4;3;2.00;2800000000;2800000000;0;Belum;Hak Milik (SHM);Utara;Standard;> 2 Mobil;No;5 - 10 Tahun;Yes;No;2 tahun;;Yes;;Yes;Yes;;;;
;Standard;Emerald Residence Gresik;96.00;110.00;4;3;2.00;750000000;750000000;0;Belum;Hak Milik (SHM);Selatan;Standard;1-2 Mobil;No;5 - 10 Tahun;Yes;No;2 tahun;;;;;;;;;
;Standard;Lebak Permai Utara;200.00;194.00;5;4;1.00;2250000000;2250000000;0;Belum;Hak Milik (SHM);Barat;Standard;1-2 Mobil;No;5 - 10 Tahun;Yes;No;2 tahun;;;;;;;;;
;Standard;Wisata Semanggi Wonorejo;72.00;72.00;2;1;1.00;780000000;780000000;0;Belum;Hak Milik (SHM);Selatan;Standard;1-2 Mobil;No;1 - 4 Tahun;Yes;No;2 tahun;;;;;;;;;
;Standard;Puri Surya Jaya Gedangan Sidoarjo;659.00;330.00;5;2;1.00;6000000000;6000000000;0;Belum;Hak Guna Bangunan (HGB);Utara;Standard;> 2 Mobil;No;5 - 10 Tahun;Yes;No;2 tahun;Yes;;;;;;;;
;Standard;Siwalankerto Permai;153.00;153.00;5;2;2.00;1600000000;1600000000;0;Belum;Hak Milik (SHM);Utara;Standard;1-2 Mobil;No;5 - 10 Tahun;Yes;No;2 tahun;Yes;Yes;;;Yes;;;;
;Standard;Pucang Anom;144.00;280.00;5;2;2.00;2200000000;2200000000;0;Belum;Hak Guna Bangunan (HGB);Selatan;Standard;1-2 Mobil;No;5 - 10 Tahun;Yes;No;2 tahun;Yes;Yes;;;Yes;;;;
;Standard;Wiguna Tengah;60.00;50.00;2;1;1.00;775000000;775000000;775000000;Terjual;Hak Milik (SHM);Selatan;Standard;1-2 Mobil;No;1 - 4 Tahun;Yes;No;2 tahun;Yes;No;;;Yes;;;;